,ITG Posting Date,Product Name,Reddit Posting Date,Source,Upvotes,On Reddit,On Sephora,On Allure,On ITG,Allure Posting Date,Time from 1st Reddit Post,Sephora Post Date,Time Difference,Time from 1st Allure Post
0,,dr. jart+ mask heroes face savers,N/A,Sephora New Combo,N/A,0,1,0,0,,N/A,2018-10-17 21:01:01,N/A,
1,,moon juice beauty shroom vegan collagen protection,N/A,Sephora New Combo,N/A,0,1,0,0,,N/A,2018-10-17 21:01:01,N/A,
2,,moon juice beauty shroom exfoliating acid potion,N/A,Sephora New Combo,N/A,0,1,0,0,,N/A,2018-10-17 21:01:01,N/A,
3,,sephora collection face mask magic,N/A,Sephora New Combo,N/A,0,1,0,0,,N/A,2018-10-17 21:01:01,N/A,
4,,laneige kiss and make up set,2018-09-30 01:50:52,Sephora New Combo,1,1,1,0,0,,"-18 days, 4:49:51",2018-10-17 21:01:01,"-18 days, 4:49:51",
5,,drunk elephant agent ellie day kit,N/A,Sephora New Combo,N/A,0,1,0,0,,N/A,2018-10-17 21:01:01,N/A,
6,,olehenriksen glow cycle retin-alt power serum,N/A,Sephora New Combo,N/A,0,1,0,0,,N/A,2018-10-17 21:01:01,N/A,
7,,welleco the super elixir,2018-10-08 16:59:59,Sephora New Combo,1,1,1,0,0,,"-10 days, 19:58:58",2018-10-17 21:01:01,"-10 days, 19:58:58",
8,,la mer merry little miracles,N/A,Sephora New Combo,N/A,0,1,0,0,,N/A,2018-10-17 21:01:01,N/A,
9,,drunk elephant inspector drunk night kit,N/A,Sephora New Combo,N/A,0,1,0,0,,N/A,2018-10-17 21:01:01,N/A,
10,,sol de janeiro bum bum carnaval extravaganza,N/A,Sephora New Combo,N/A,0,1,0,0,,N/A,2018-10-17 21:01:01,N/A,
11,,tatcha skincare for makeup lovers obento box,N/A,Sephora New Combo,N/A,0,1,0,0,,N/A,2018-10-17 21:01:01,N/A,
12,,fresh sugar jetsetter,N/A,Sephora New Combo,N/A,0,1,0,0,,N/A,2018-10-17 21:01:01,N/A,
13,,olehenriksen glow brightly - radiance-boosting super set,N/A,Sephora New Combo,N/A,0,1,0,0,,N/A,2018-10-17 21:01:01,N/A,
14,,farmacy honeymoon glow aha resurfacing night serum with echinacea greenenvy,N/A,Sephora New Combo,N/A,0,1,0,0,,N/A,2018-10-17 21:01:01,N/A,
15,,drunk elephant the big reveal kit,N/A,Sephora New Combo,N/A,0,1,0,0,,N/A,2018-10-17 21:01:01,N/A,
16,,herbivore jade facial roller,2018-03-04 21:26:56,Sephora New Combo,1,1,1,0,0,,"-227 days, 0:25:55",2018-10-17 21:01:01,"-227 days, 0:25:55",
17,,summer fridays overtime mask,2018-09-16 13:50:41,Sephora New Combo,1,1,1,0,0,,"-32 days, 16:49:40",2018-10-17 21:01:01,"-32 days, 16:49:40",
18,,fresh sky high-dration,N/A,Sephora New Combo,N/A,0,1,0,0,,N/A,2018-10-17 21:01:01,N/A,
19,,sunday riley good genes holiday kit,N/A,Sephora New Combo,N/A,0,1,0,0,,N/A,2018-10-17 21:01:01,N/A,
20,,fresh destination sugar,N/A,Sephora New Combo,N/A,0,1,0,0,,N/A,2018-10-17 21:01:01,N/A,
21,,algenist secrets of algae kit,N/A,Sephora New Combo,N/A,0,1,0,0,,N/A,2018-10-17 21:01:01,N/A,
22,,peter thomas roth mask frenzy,2018-09-30 05:11:04,Sephora New Combo,1,1,1,0,0,,"-18 days, 8:10:03",2018-10-17 21:01:01,"-18 days, 8:10:03",
23,,olehenriksen goodnight glow retin-alt sleeping crème,N/A,Sephora New Combo,N/A,0,1,0,0,,N/A,2018-10-17 21:01:01,N/A,
24,,kiehl's since 1851 brighten up & glow,N/A,Sephora New Combo,N/A,0,1,0,0,,N/A,2018-10-17 21:01:01,N/A,
25,,caudalie brightening heroes,N/A,Sephora New Combo,N/A,0,1,0,0,,N/A,2018-10-17 21:01:01,N/A,
26,,laneige sleep and glow set,2018-07-11 12:34:40,Sephora New Combo,1,1,1,0,0,,"-99 days, 15:33:39",2018-10-17 21:01:01,"-99 days, 15:33:39",
27,,origins our best of the best,2012-12-18 11:01:26,Sephora New Combo,1,1,1,0,0,,"-2130 days, 14:00:25",2018-10-17 21:01:01,"-2130 days, 14:00:25",
28,,"fresh ready, set, firm",N/A,Sephora New Combo,N/A,0,1,0,0,,N/A,2018-10-17 21:01:01,N/A,
29,,tatcha bestsellers set,2018-03-21 17:06:19,Sephora New Combo,1,1,1,0,0,,"-211 days, 20:05:18",2018-10-17 21:01:01,"-211 days, 20:05:18",
30,,shiseido everyday protection essentials,N/A,Sephora New Combo,N/A,0,1,0,0,,N/A,2018-10-17 21:01:01,N/A,
31,,first aid beauty skin summit,2018-09-27 08:05:54,Sephora New Combo,1,1,1,0,0,,"-21 days, 11:04:53",2018-10-17 21:01:01,"-21 days, 11:04:53",
32,,fresh mask for miles,N/A,Sephora New Combo,N/A,0,1,0,0,,N/A,2018-10-17 21:01:01,N/A,
33,,clarisonic mia smart 3-in-1 connected sonic beauty device,N/A,Sephora New Combo,N/A,0,1,0,0,,N/A,2018-10-17 21:01:01,N/A,
34,,kiehl's since 1851 bright delights,N/A,Sephora New Combo,N/A,0,1,0,0,,N/A,2018-10-17 21:01:01,N/A,
35,,drunk elephant rescue party kit,N/A,Sephora New Combo,N/A,0,1,0,0,,N/A,2018-10-17 21:01:01,N/A,
36,,tatcha pore-perfecting moisturizer & cleanser duo,2018-04-26 11:06:29,Sephora New Combo,1,1,1,0,0,,"-175 days, 14:05:28",2018-10-17 21:01:01,"-175 days, 14:05:28",
37,,belif merry merry moisturizers,N/A,Sephora New Combo,N/A,0,1,0,0,,N/A,2018-10-17 21:01:01,N/A,
38,,clinique go-to glow set,2016-12-18 23:18:57,Sephora New Combo,1,1,1,0,0,,"-668 days, 2:17:56",2018-10-17 21:01:01,"-668 days, 2:17:56",
39,,lancôme lancôme holiday favorites,N/A,Sephora New Combo,N/A,0,1,0,0,,N/A,2018-10-17 21:01:01,N/A,
40,,sand & sky australian pink clay porefining face mask,N/A,Sephora New Combo,N/A,0,1,0,0,,N/A,2018-10-17 21:01:01,N/A,
41,,it cosmetics it's your life-changing skincare secret,N/A,Sephora New Combo,N/A,0,1,0,0,,N/A,2018-10-17 21:01:01,N/A,
42,,dr. jart+ superheroes skin transformers,N/A,Sephora New Combo,N/A,0,1,0,0,,N/A,2018-10-17 21:01:01,N/A,
43,,glow recipe limited edition watermelon jelly tote set,N/A,Sephora New Combo,N/A,0,1,0,0,,N/A,2018-10-17 21:01:01,N/A,
44,,olehenriksen sauna glow - warming-cooling scrub & mask set,N/A,Sephora New Combo,N/A,0,1,0,0,,N/A,2018-10-17 21:01:01,N/A,
45,,glow recipe blueberry bounce gentle cleanser,2018-02-11 19:39:35,Sephora New Combo,1,1,1,0,0,,"-249 days, 22:38:34",2018-10-17 21:01:01,"-249 days, 22:38:34",
46,,drunk elephant the trunk,2017-11-01 19:22:12,Sephora New Combo,1,1,1,0,0,,"-351 days, 22:21:11",2018-10-17 21:01:01,"-351 days, 22:21:11",
47,,caudalie natural hydrating heroes,N/A,Sephora New Combo,N/A,0,1,0,0,,N/A,2018-10-17 21:01:01,N/A,
48,,kate somerville radically radiant,N/A,Sephora New Combo,N/A,0,1,0,0,,N/A,2018-10-17 21:01:01,N/A,
49,,caudalie caudalie beauty secrets,N/A,Sephora New Combo,N/A,0,1,0,0,,N/A,2018-10-17 21:01:01,N/A,
50,,dr. jart+ ceramidin cream,2014-03-02 10:51:16,Sephora New Combo,16,1,1,0,0,,"-1691 days, 13:50:15",2018-10-17 21:01:01,"-1691 days, 13:50:15",
51,,caudalie ultimate anti-aging trio,N/A,Sephora New Combo,N/A,0,1,0,0,,N/A,2018-10-17 21:01:01,N/A,
52,,dr. dennis gross skincare c me sparkle,N/A,Sephora New Combo,N/A,0,1,0,0,,N/A,2018-10-17 21:01:01,N/A,
53,,glamglow the superstar set,N/A,Sephora New Combo,N/A,0,1,0,0,,N/A,2018-10-17 21:01:01,N/A,
54,,play! by sephora play! smarts: k-beauty: skin innovation,N/A,Sephora New Combo,N/A,0,1,0,0,,N/A,2018-10-17 21:01:01,N/A,
55,,sunday riley cleanse & detox aha/bha kit,N/A,Sephora New Combo,N/A,0,1,0,0,,N/A,2018-10-17 21:01:01,N/A,
56,,drunk elephant out of office,2017-04-26 01:27:04,Sephora New Combo,1,1,1,0,0,,"-540 days, 4:26:03",2018-10-17 21:01:01,"-540 days, 4:26:03",
57,,"origins hello, calm relaxing & hydrating face mask with cannabis sativa seed oil",N/A,Sephora New Combo,N/A,0,1,0,0,,N/A,2018-10-17 21:01:01,N/A,
58,,sunday riley flash fix kit,2018-01-04 08:33:24,Sephora New Combo,1,1,1,0,0,,"-287 days, 11:32:23",2018-10-17 21:01:01,"-287 days, 11:32:23",
59,,farmacy cream of the crop,N/A,Sephora New Combo,N/A,0,1,0,0,,N/A,2018-10-17 21:01:01,N/A,
60,,dr. jart+ holiday fantasy cera never runs dry,N/A,Sephora New Combo,N/A,0,1,0,0,,N/A,2018-10-17 21:01:01,N/A,
61,,play! by sephora play! smarts: skincare by age: 40s,N/A,Sephora New Combo,N/A,0,1,0,0,,N/A,2018-10-17 21:01:01,N/A,
62,,fresh roundtrip ritual,N/A,Sephora New Combo,N/A,0,1,0,0,,N/A,2018-10-17 21:01:01,N/A,
63,,ren clean skincare evercalm overnight recovery balm,N/A,Sephora New Combo,N/A,0,1,0,0,,N/A,2018-10-17 21:01:01,N/A,
64,,charlotte tilbury charlotte's magic cream,N/A,Sephora New Combo,N/A,0,1,0,0,,N/A,2018-10-17 21:01:01,N/A,
65,,fresh nonstop radiance,N/A,Sephora New Combo,N/A,0,1,0,0,,N/A,2018-10-17 21:01:01,N/A,
66,,amorepacific 12 days of essential beauty,N/A,Sephora New Combo,N/A,0,1,0,0,,N/A,2018-10-17 21:01:01,N/A,
67,,saturday skin starlight bright,N/A,Sephora New Combo,N/A,0,1,0,0,,N/A,2018-10-17 21:01:01,N/A,
68,,"josie maran be love, give love argan firm + nourish power duo",N/A,Sephora New Combo,N/A,0,1,0,0,,N/A,2018-10-17 21:01:01,N/A,
69,,sephora collection this is coco-nuts! set,N/A,Sephora New Combo,N/A,0,1,0,0,,N/A,2018-10-17 21:01:01,N/A,
70,,fresh facial on the fly,N/A,Sephora New Combo,N/A,0,1,0,0,,N/A,2018-10-17 21:01:01,N/A,
71,,fresh sugar carry-on,2013-09-23 16:23:32,Sephora New Combo,1,1,1,0,0,,"-1851 days, 19:22:31",2018-10-17 21:01:01,"-1851 days, 19:22:31",
72,,biossance squalane + omega repair cream,N/A,Sephora New Combo,N/A,0,1,0,0,,N/A,2018-10-17 21:01:01,N/A,
73,,charlotte tilbury the gift of magic skin mini skincare trio,N/A,Sephora New Combo,N/A,0,1,0,0,,N/A,2018-10-17 21:01:01,N/A,
74,,peter thomas roth get drenched!,N/A,Sephora New Combo,N/A,0,1,0,0,,N/A,2018-10-17 21:01:01,N/A,
75,,it cosmetics it's time to celebrate you!,N/A,Sephora New Combo,N/A,0,1,0,0,,N/A,2018-10-17 21:01:01,N/A,
76,,kate somerville +retinol vita c power serum,N/A,Sephora New Combo,N/A,0,1,0,0,,N/A,2018-10-17 21:01:01,N/A,
77,,charlotte tilbury charlotte's magic cream mini,N/A,Sephora New Combo,N/A,0,1,0,0,,N/A,2018-10-17 21:01:01,N/A,
78,,caudalie mini mask trio,2015-11-25 12:42:13,Sephora New Combo,5,1,1,0,0,,"-1058 days, 15:41:12",2018-10-17 21:01:01,"-1058 days, 15:41:12",
79,,origins mini mask musts,N/A,Sephora New Combo,N/A,0,1,0,0,,N/A,2018-10-17 21:01:01,N/A,
80,,shiseido best sellers set,N/A,Sephora New Combo,N/A,0,1,0,0,,N/A,2018-10-17 21:01:01,N/A,
81,,dr. dennis gross skincare dew holiday right,N/A,Sephora New Combo,N/A,0,1,0,0,,N/A,2018-10-17 21:01:01,N/A,
82,,tata harper let there be light,N/A,Sephora New Combo,N/A,0,1,0,0,,N/A,2018-10-17 21:01:01,N/A,
83,,murad active retinol renewal kit,N/A,Sephora New Combo,N/A,0,1,0,0,,N/A,2018-10-17 21:01:01,N/A,
84,,tarte party prep set,N/A,Sephora New Combo,N/A,0,1,0,0,,N/A,2018-10-17 21:01:01,N/A,
85,,sk-ii facial treatment essence karan singh limited edition,N/A,Sephora New Combo,N/A,0,1,0,0,,N/A,2018-10-17 21:01:01,N/A,
86,,sand & sky australian pink clay flash perfection exfoliating treatment,N/A,Sephora New Combo,N/A,0,1,0,0,,N/A,2018-10-17 21:01:01,N/A,
87,,youth to the people super glow hydration duo,N/A,Sephora New Combo,N/A,0,1,0,0,,N/A,2018-10-17 21:01:01,N/A,
88,,private doctor minus serum,N/A,Sephora New Combo,N/A,0,1,0,0,,N/A,2018-10-17 21:01:01,N/A,
89,,nuface gold mini express skin toning collection,N/A,Sephora New Combo,N/A,0,1,0,0,,N/A,2018-10-17 21:01:01,N/A,
90,,eve lom decadent cleanser gift set,N/A,Sephora New Combo,N/A,0,1,0,0,,N/A,2018-10-17 21:01:01,N/A,
91,,sunday riley ceramic slip cleanser,2015-03-26 03:53:58,Sephora New Combo,1,1,1,0,0,,"-1302 days, 6:52:57",2018-10-17 21:01:01,"-1302 days, 6:52:57",
92,,peace out peace out favorites,2018-01-11 19:40:05,Sephora New Combo,1,1,1,0,0,,"-280 days, 22:39:04",2018-10-17 21:01:01,"-280 days, 22:39:04",
93,,sephora collection crazy for clay!,2017-12-15 20:04:20,Sephora New Combo,1,1,1,0,0,,"-307 days, 23:03:19",2018-10-17 21:01:01,"-307 days, 23:03:19",
94,,wander beauty baggage claim rose gold eye masks,N/A,Sephora New Combo,N/A,0,1,0,0,,N/A,2018-10-17 21:01:01,N/A,
95,,welleco the super elixir refill,N/A,Sephora New Combo,N/A,0,1,0,0,,N/A,2018-10-17 21:01:01,N/A,
96,,la mer treatment lotion hydrating mask,2017-01-30 14:25:04,Sephora New Combo,2,1,1,0,0,,"-626 days, 17:24:03",2018-10-17 21:01:01,"-626 days, 17:24:03",
97,,fresh frequent flyer,N/A,Sephora New Combo,N/A,0,1,0,0,,N/A,2018-10-17 21:01:01,N/A,
98,,glamglow the problem solver set,N/A,Sephora New Combo,N/A,0,1,0,0,,N/A,2018-10-17 21:01:01,N/A,
99,,l'occitane holiday hand cream trio,N/A,Sephora New Combo,N/A,0,1,0,0,,N/A,2018-10-17 21:01:01,N/A,
100,,skin inc supplement bar optimizer voyage tri-light rose gold holiday set,N/A,Sephora New Combo,N/A,0,1,0,0,,N/A,2018-10-17 21:01:01,N/A,
101,,welleco the nourishing protein,N/A,Sephora New Combo,N/A,0,1,0,0,,N/A,2018-10-17 21:01:01,N/A,
102,,dr. jart+ cicapair friends skin soothers,2018-09-30 01:50:52,Sephora New Combo,1,1,1,0,0,,"-18 days, 4:49:51",2018-10-17 21:01:01,"-18 days, 4:49:51",
103,,eve lom the award winners,2015-11-25 12:42:13,Sephora New Combo,5,1,1,0,0,,"-1058 days, 15:41:12",2018-10-17 21:01:01,"-1058 days, 15:41:12",
104,,dr. dennis gross skincare hyaluronic marine collagen lip cushion,N/A,Sephora New Combo,N/A,0,1,0,0,,N/A,2018-10-17 21:01:01,N/A,
105,,clarisonic clear skin stocking stuffer,N/A,Sephora New Combo,N/A,0,1,0,0,,N/A,2018-10-17 21:01:01,N/A,
106,,murad revitalixir recovery serum,N/A,Sephora New Combo,N/A,0,1,0,0,,N/A,2018-10-17 21:01:01,N/A,
107,,welleco the super elixir travel set,N/A,Sephora New Combo,N/A,0,1,0,0,,N/A,2018-10-17 21:01:01,N/A,
108,,blithe gold apricot pressed serum,2018-01-16 20:56:03,Sephora New Combo,1,1,1,0,0,,"-275 days, 23:55:02",2018-10-17 21:01:01,"-275 days, 23:55:02",
109,,glow recipe watermelon pink juice moisturizer mini,N/A,Sephora New Combo,N/A,0,1,0,0,,N/A,2018-10-17 21:01:01,N/A,
110,,herbivore rosewater hydration trio,N/A,Sephora New Combo,N/A,0,1,0,0,,N/A,2018-10-17 21:01:01,N/A,
111,,lancôme advanced génifique youth activating serum duo,N/A,Sephora New Combo,N/A,0,1,0,0,,N/A,2018-10-17 21:01:01,N/A,
112,,clarisonic makeup blending stocking stuffer,N/A,Sephora New Combo,N/A,0,1,0,0,,N/A,2018-10-17 21:01:01,N/A,
113,,lancôme purifying & comforting duo,N/A,Sephora New Combo,N/A,0,1,0,0,,N/A,2018-10-17 21:01:01,N/A,
114,,blithe inbetween hydro priming cream,N/A,Sephora New Combo,N/A,0,1,0,0,,N/A,2018-10-17 21:01:01,N/A,
115,,j.one haart mermaid glow color lip balm,N/A,Sephora New Combo,N/A,0,1,0,0,,N/A,2018-10-17 21:01:01,N/A,
116,,welleco sleep welle fortified calming tea refill,N/A,Sephora New Combo,N/A,0,1,0,0,,N/A,2018-10-17 21:01:01,N/A,
117,,herbivore self love bath + body ritual kit,N/A,Sephora New Combo,N/A,0,1,0,0,,N/A,2018-10-17 21:01:01,N/A,
118,,eve lom radiance transforming mask,N/A,Sephora New Combo,N/A,0,1,0,0,,N/A,2018-10-17 21:01:01,N/A,
119,,blithe inbetween instant glowing cream,N/A,Sephora New Combo,N/A,0,1,0,0,,N/A,2018-10-17 21:01:01,N/A,
120,,welleco the nourishing protein travel set,N/A,Sephora New Combo,N/A,0,1,0,0,,N/A,2018-10-17 21:01:01,N/A,
121,,blithe inbetween makeup prep essence,N/A,Sephora New Combo,N/A,0,1,0,0,,N/A,2018-10-17 21:01:01,N/A,
122,,estée lauder protect + hydrate keep glowing with powerful protection and 24-hour hydration,N/A,Sephora New Combo,N/A,0,1,0,0,,N/A,2018-10-17 21:01:01,N/A,
123,,lancôme lifting & firming duo,N/A,Sephora New Combo,N/A,0,1,0,0,,N/A,2018-10-17 21:01:01,N/A,
124,,lancôme holiday nice list,2018-02-17 10:31:24,Sephora New Combo,1,1,1,0,0,,"-243 days, 13:30:23",2018-10-17 21:01:01,"-243 days, 13:30:23",
125,,welleco sleep welle fortified calming tea,N/A,Sephora New Combo,N/A,0,1,0,0,,N/A,2018-10-17 21:01:01,N/A,
126,,lancôme cleansing & clarifying duo,N/A,Sephora New Combo,N/A,0,1,0,0,,N/A,2018-10-17 21:01:01,N/A,
127,,clarisonic mia smart cleanse & uplift holiday gift set,N/A,Sephora New Combo,N/A,0,1,0,0,,N/A,2018-10-17 21:01:01,N/A,
128,,fresh sugar sweetcase,N/A,Sephora New Combo,N/A,0,1,0,0,,N/A,2018-10-17 21:01:01,N/A,
129,,l'occitane holiday crackers set,N/A,Sephora New Combo,N/A,0,1,0,0,,N/A,2018-10-17 21:01:01,N/A,
130,,korres wild rose radiance,2013-02-01 21:48:52,Sephora New Combo,2,1,1,0,0,,"-2084 days, 0:47:51",2018-10-17 21:01:01,"-2084 days, 0:47:51",
131,,ren clean skincare stop being so sensitive,N/A,Sephora New Combo,N/A,0,1,0,0,,N/A,2018-10-17 21:01:01,N/A,
132,,glamglow paint the town set,N/A,Sephora New Combo,N/A,0,1,0,0,,N/A,2018-10-17 21:01:01,N/A,
133,,kiehl's since 1851 collection for a cause,N/A,Sephora New Combo,N/A,0,1,0,0,,N/A,2018-10-17 21:01:01,N/A,
134,,tarte mermaid staycation,N/A,Sephora New Combo,N/A,0,1,0,0,,N/A,2018-10-17 21:01:01,N/A,
135,,play! by sephora play! smarts: skincare by age: 50s+,N/A,Sephora New Combo,N/A,0,1,0,0,,N/A,2018-10-17 21:01:01,N/A,
136,,"estée lauder repair and renew for radiant, youthful - looking skin",N/A,Sephora New Combo,N/A,0,1,0,0,,N/A,2018-10-17 21:01:01,N/A,
137,,murad the ultimate glow-to's,N/A,Sephora New Combo,N/A,0,1,0,0,,N/A,2018-10-17 21:01:01,N/A,
138,,sephora collection glitter & chill cooling mask,N/A,Sephora New Combo,N/A,0,1,0,0,,N/A,2018-10-17 21:01:01,N/A,
139,,"dr. jart+ maskapalooza! every mask, every concern",N/A,Sephora New Combo,N/A,0,1,0,0,,N/A,2018-10-17 21:01:01,N/A,
140,,glamglow bubblesheet oxygenating deep cleanse mask - breast cancer awareness edition,N/A,Sephora New Combo,N/A,0,1,0,0,,N/A,2018-10-17 21:01:01,N/A,
141,,boscia dig deep - the charcoal skin kit,N/A,Sephora New Combo,N/A,0,1,0,0,,N/A,2018-10-17 21:01:01,N/A,
142,,caudalie urban skin essentials,N/A,Sephora New Combo,N/A,0,1,0,0,,N/A,2018-10-17 21:01:01,N/A,
143,,belif winter waterdrop kit,N/A,Sephora New Combo,N/A,0,1,0,0,,N/A,2018-10-17 21:01:01,N/A,
144,,hum nutrition the sweetest thing,N/A,Sephora New Combo,N/A,0,1,0,0,,N/A,2018-10-17 21:01:01,N/A,
145,,dr. jart+ ceramidin liquid,2014-05-10 00:46:10,Sephora New Combo,1,1,1,0,0,,"-1622 days, 3:45:09",2018-10-17 21:01:01,"-1622 days, 3:45:09",
146,,first aid beauty priming paradise,N/A,Sephora New Combo,N/A,0,1,0,0,,N/A,2018-10-17 21:01:01,N/A,
147,,boscia good clean fun - powered by plants skin kit,N/A,Sephora New Combo,N/A,0,1,0,0,,N/A,2018-10-17 21:01:01,N/A,
148,,bioeffect egf serum,2018-03-15 19:30:13,Sephora New Combo,1,1,1,0,0,,"-217 days, 22:29:12",2018-10-17 21:01:01,"-217 days, 22:29:12",
149,,fresh vitamin c antioxidant glow face mist,N/A,Sephora New Combo,N/A,0,1,0,0,,N/A,2018-10-17 21:01:01,N/A,
150,,biossance love your face,2017-12-06 11:09:11,Sephora New Combo,1,1,1,0,0,,"-316 days, 14:08:10",2018-10-17 21:01:01,"-316 days, 14:08:10",
151,,sephora collection supermask - the golden mask,N/A,Sephora New Combo,N/A,0,1,0,0,,N/A,2018-10-17 21:01:01,N/A,
152,,glamglow tropicalcleanse daily exfoliating cleaner,N/A,Sephora New Combo,N/A,0,1,0,0,,N/A,2018-10-17 21:01:01,N/A,
153,,"estée lauder revitalize + glow for firmer, youthful-looking skin",N/A,Sephora New Combo,N/A,0,1,0,0,,N/A,2018-10-17 21:01:01,N/A,
154,,peter thomas roth mask appeal,N/A,Sephora New Combo,N/A,0,1,0,0,,N/A,2018-10-17 21:01:01,N/A,
155,,origins high-potency night-a-mins resurfacing cream with fruit-derived ahas,N/A,Sephora New Combo,N/A,0,1,0,0,,N/A,2018-10-17 21:01:01,N/A,
156,,fresh sugar wonder drops lip primer,N/A,Sephora New Combo,N/A,0,1,0,0,,N/A,2018-10-17 21:01:01,N/A,
157,,glamglow hydration dream team set,N/A,Sephora New Combo,N/A,0,1,0,0,,N/A,2018-10-17 21:01:01,N/A,
158,,first aid beauty clean canyon,N/A,Sephora New Combo,N/A,0,1,0,0,,N/A,2018-10-17 21:01:01,N/A,
159,,laneige fresh calming mousse moisturizer,N/A,Sephora New Combo,N/A,0,1,0,0,,N/A,2018-10-17 21:01:01,N/A,
160,,l'occitane holiday hand cream 5-piece set,N/A,Sephora New Combo,N/A,0,1,0,0,,N/A,2018-10-17 21:01:01,N/A,
161,,dior capture dreamskin fresh & perfect cushion broad spectrum spf 50,N/A,Sephora New Combo,N/A,0,1,0,0,,N/A,2018-10-17 21:01:01,N/A,
162,,kiehl's since 1851 merry masking,N/A,Sephora New Combo,N/A,0,1,0,0,,N/A,2018-10-17 21:01:01,N/A,
163,,amorepacific bamboo me beautiful,N/A,Sephora New Combo,N/A,0,1,0,0,,N/A,2018-10-17 21:01:01,N/A,
164,,laneige fresh calming toner,N/A,Sephora New Combo,N/A,0,1,0,0,,N/A,2018-10-17 21:01:01,N/A,
165,,l'occitane shea butter travel duo,N/A,Sephora New Combo,N/A,0,1,0,0,,N/A,2018-10-17 21:01:01,N/A,
166,,kiehl's since 1851 youth dose eye treatment,N/A,Sephora New Combo,N/A,0,1,0,0,,N/A,2018-10-17 21:01:01,N/A,
167,,l'occitane holiday almond ornament,N/A,Sephora New Combo,N/A,0,1,0,0,,N/A,2018-10-17 21:01:01,N/A,
168,,origins winter skin soothers,N/A,Sephora New Combo,N/A,0,1,0,0,,N/A,2018-10-17 21:01:01,N/A,
169,,clarisonic poreless skin holiday gift set: mia smart x kiehl's,N/A,Sephora New Combo,N/A,0,1,0,0,,N/A,2018-10-17 21:01:01,N/A,
170,,biossance squalane + glycolic renewal facial,2018-09-25 01:01:01,Sephora New Combo,1,1,1,0,0,,"-23 days, 4:00:00",2018-10-17 21:01:01,"-23 days, 4:00:00",
171,,first aid beauty hydration harbor,N/A,Sephora New Combo,N/A,0,1,0,0,,N/A,2018-10-17 21:01:01,N/A,
172,,tata harper resurfacing mask limited edition,2016-12-03 23:49:43,Sephora New Combo,2,1,1,0,0,,"-683 days, 2:48:42",2018-10-17 21:01:01,"-683 days, 2:48:42",
173,,kate somerville kate's mini must haves,N/A,Sephora New Combo,N/A,0,1,0,0,,N/A,2018-10-17 21:01:01,N/A,
174,,kiehl's since 1851 power-packed essentials,N/A,Sephora New Combo,N/A,0,1,0,0,,N/A,2018-10-17 21:01:01,N/A,
175,,dr. dennis gross skincare spectralite faceware pro,N/A,Sephora New Combo,N/A,0,1,0,0,,N/A,2018-10-17 21:01:01,N/A,
176,,boscia the future is female peppermint blotting linens,N/A,Sephora New Combo,N/A,0,1,0,0,,N/A,2018-10-17 21:01:01,N/A,
177,,kopari beauty besties,N/A,Sephora New Combo,N/A,0,1,0,0,,N/A,2018-10-17 21:01:01,N/A,
178,,josie maran soul sisters pure argan hydration duo,N/A,Sephora New Combo,N/A,0,1,0,0,,N/A,2018-10-17 21:01:01,N/A,
179,,clinique limited edition dramatically different moisturizing gel,N/A,Sephora New Combo,N/A,0,1,0,0,,N/A,2018-10-17 21:01:01,N/A,
180,,glamglow forget the filter set,N/A,Sephora New Combo,N/A,0,1,0,0,,N/A,2018-10-17 21:01:01,N/A,
181,,belif aqua bomb mist,2016-10-05 10:40:09,Sephora New Combo,1,1,1,0,0,,"-743 days, 13:39:08",2018-10-17 21:01:01,"-743 days, 13:39:08",
182,,clarisonic mia smart cleanse and blend holiday gift set,N/A,Sephora New Combo,N/A,0,1,0,0,,N/A,2018-10-17 21:01:01,N/A,
183,,dr. brandt skincare no filter needed kit,N/A,Sephora New Combo,N/A,0,1,0,0,,N/A,2018-10-17 21:01:01,N/A,
184,,kate somerville dermal quench wrinkle warrior,N/A,Sephora New Combo,N/A,0,1,0,0,,N/A,2018-10-17 21:01:01,N/A,
185,,sephora collection experiential masks set,N/A,Sephora New Combo,N/A,0,1,0,0,,N/A,2018-10-17 21:01:01,N/A,
186,,clinique limited edition dramatically different moisturizing lotion+,N/A,Sephora New Combo,N/A,0,1,0,0,,N/A,2018-10-17 21:01:01,N/A,
187,,foreo ufo,2017-12-07 12:15:06,Sephora New Combo,1,1,1,0,0,,"-315 days, 15:14:05",2018-10-17 21:01:01,"-315 days, 15:14:05",
188,,sephora collection hand mask - avocado,2018-03-02 19:52:17,Sephora New Combo,1,1,1,0,0,,"-230 days, 22:51:16",2018-10-17 21:01:01,"-230 days, 22:51:16",
189,,lancer skincare heroes,N/A,Sephora New Combo,N/A,0,1,0,0,,N/A,2018-10-17 21:01:01,N/A,
190,,play! by sephora play! smarts: skincare by age: 30s,N/A,Sephora New Combo,N/A,0,1,0,0,,N/A,2018-10-17 21:01:01,N/A,
191,,dr. dennis gross skincare peel vault,N/A,Sephora New Combo,N/A,0,1,0,0,,N/A,2018-10-17 21:01:01,N/A,
192,,clinique nighttime tlc,N/A,Sephora New Combo,N/A,0,1,0,0,,N/A,2018-10-17 21:01:01,N/A,
193,,korres greek beauty sleep,N/A,Sephora New Combo,N/A,0,1,0,0,,N/A,2018-10-17 21:01:01,N/A,
194,,kiehl's since 1851 mighty moisture,N/A,Sephora New Combo,N/A,0,1,0,0,,N/A,2018-10-17 21:01:01,N/A,
195,,dior one essential holiday set,N/A,Sephora New Combo,N/A,0,1,0,0,,N/A,2018-10-17 21:01:01,N/A,
196,,l'occitane holiday almond home & away set,N/A,Sephora New Combo,N/A,0,1,0,0,,N/A,2018-10-17 21:01:01,N/A,
197,,caudalie on the glow french faves,N/A,Sephora New Combo,N/A,0,1,0,0,,N/A,2018-10-17 21:01:01,N/A,
198,,"peter thomas roth jet, set, facial",N/A,Sephora New Combo,N/A,0,1,0,0,,N/A,2018-10-17 21:01:01,N/A,
199,,indie lee discovery kit,N/A,Sephora New Combo,N/A,0,1,0,0,,N/A,2018-10-17 21:01:01,N/A,
200,,milk makeup meet the fam milk bestsellers set,N/A,Sephora New Combo,N/A,0,1,0,0,,N/A,2018-10-17 21:01:01,N/A,
201,,beautyblender sweet indulgence set,N/A,Sephora New Combo,N/A,0,1,0,0,,N/A,2018-10-17 21:01:01,N/A,
202,,becca shimmering skin perfector pressed highlighter mini macaron set,N/A,Sephora New Combo,N/A,0,1,0,0,,N/A,2018-10-17 21:01:01,N/A,
203,,too faced the sweet smell of christmas-mini melted liquid lipstick set,N/A,Sephora New Combo,N/A,0,1,0,0,,N/A,2018-10-17 21:01:01,N/A,
204,,anastasia beverly hills sultry eyeshadow palette,N/A,Sephora New Combo,N/A,0,1,0,0,,N/A,2018-10-17 21:01:01,N/A,
205,,fenty beauty by rihanna killawatt foil freestyle highlighter palette,N/A,Sephora New Combo,N/A,0,1,0,0,,N/A,2018-10-17 21:01:01,N/A,
206,,sephora favorites holiday perfume sampler,N/A,Sephora New Combo,N/A,0,1,0,0,,N/A,2018-10-17 21:01:01,N/A,
207,,nars little fetishes orgasm lip and blush set,N/A,Sephora New Combo,N/A,0,1,0,0,,N/A,2018-10-17 21:01:01,N/A,
208,,fenty beauty by rihanna metallic eye + lip crayon set,N/A,Sephora New Combo,N/A,0,1,0,0,,N/A,2018-10-17 21:01:01,N/A,
209,,dyson airwrap styler,N/A,Sephora New Combo,N/A,0,1,0,0,,N/A,2018-10-17 21:01:01,N/A,
210,,nars hot tryst cheek palette,N/A,Sephora New Combo,N/A,0,1,0,0,,N/A,2018-10-17 21:01:01,N/A,
211,,hourglass confession refillable lipstick duo,N/A,Sephora New Combo,N/A,0,1,0,0,,N/A,2018-10-17 21:01:01,N/A,
212,,sephora collection once upon a castle advent calendar,N/A,Sephora New Combo,N/A,0,1,0,0,,N/A,2018-10-17 21:01:01,N/A,
213,,miu miu l'eau rosee mini gift set,N/A,Sephora New Combo,N/A,0,1,0,0,,N/A,2018-10-17 21:01:01,N/A,
214,,charlotte tilbury stars in your eyes eyshadow palette,N/A,Sephora New Combo,N/A,0,1,0,0,,N/A,2018-10-17 21:01:01,N/A,
215,,fenty beauty by rihanna frosted metal lipstick set,N/A,Sephora New Combo,N/A,0,1,0,0,,N/A,2018-10-17 21:01:01,N/A,
216,,hourglass confession refillable lipstick set,N/A,Sephora New Combo,N/A,0,1,0,0,,N/A,2018-10-17 21:01:01,N/A,
217,,dior joy by dior,N/A,Sephora New Combo,N/A,0,1,0,0,,N/A,2018-10-17 21:01:01,N/A,
218,,anastasia beverly hills lip gloss set mini,N/A,Sephora New Combo,N/A,0,1,0,0,,N/A,2018-10-17 21:01:01,N/A,
219,,fenty beauty by rihanna pro filt'r complexion essentials,N/A,Sephora New Combo,N/A,0,1,0,0,,N/A,2018-10-17 21:01:01,N/A,
220,,ghd platinum+ professional performance 1\,N/A,Sephora New Combo,N/A,0,1,0,0,,N/A,2018-10-17 21:01:01,N/A,
221,,fenty beauty by rihanna avalanche all-over metallic powder set,N/A,Sephora New Combo,N/A,0,1,0,0,,N/A,2018-10-17 21:01:01,N/A,
222,,charlotte tilbury party girl eye & lip kit,N/A,Sephora New Combo,N/A,0,1,0,0,,N/A,2018-10-17 21:01:01,N/A,
223,,sephora collection cream lip stain collection set,N/A,Sephora New Combo,N/A,0,1,0,0,,N/A,2018-10-17 21:01:01,N/A,
224,,fenty beauty by rihanna match stix by the dozen,N/A,Sephora New Combo,N/A,0,1,0,0,,N/A,2018-10-17 21:01:01,N/A,
225,,stila 3d dazzle mini glitter & glow liquid shadow set,N/A,Sephora New Combo,N/A,0,1,0,0,,N/A,2018-10-17 21:01:01,N/A,
226,,nars spiked audacious lipstick,N/A,Sephora New Combo,N/A,0,1,0,0,,N/A,2018-10-17 21:01:01,N/A,
227,,sephora favorites cologne sampler,N/A,Sephora New Combo,N/A,0,1,0,0,,N/A,2018-10-17 21:01:01,N/A,
228,,nars little fetishes bronzer & highlighter set,N/A,Sephora New Combo,N/A,0,1,0,0,,N/A,2018-10-17 21:01:01,N/A,
229,,anastasia beverly hills loose glitter,N/A,Sephora New Combo,N/A,0,1,0,0,,N/A,2018-10-17 21:01:01,N/A,
230,,drybar the brush crush heated straightening brush,N/A,Sephora New Combo,N/A,0,1,0,0,,N/A,2018-10-17 21:01:01,N/A,
231,,fenty beauty by rihanna mini fairy bomb,N/A,Sephora New Combo,N/A,0,1,0,0,,N/A,2018-10-17 21:01:01,N/A,
232,,sephora collection sephora pro editorial 2.0 palette,N/A,Sephora New Combo,N/A,0,1,0,0,,N/A,2018-10-17 21:01:01,N/A,
233,,sephora collection once upon a night blockbuster,N/A,Sephora New Combo,N/A,0,1,0,0,,N/A,2018-10-17 21:01:01,N/A,
234,,nars manic velvet matte lip pencil set,N/A,Sephora New Combo,N/A,0,1,0,0,,N/A,2018-10-17 21:01:01,N/A,
235,,dior diorific mat velvet colour lipstick,N/A,Sephora New Combo,N/A,0,1,0,0,,N/A,2018-10-17 21:01:01,N/A,
236,,huda beauty conceal & blend dual ended complexion brush,N/A,Sephora New Combo,N/A,0,1,0,0,,N/A,2018-10-17 21:01:01,N/A,
237,,tom ford lost cherry,N/A,Sephora New Combo,N/A,0,1,0,0,,N/A,2018-10-17 21:01:01,N/A,
238,,anastasia beverly hills metallic mini liquid lipstick set,N/A,Sephora New Combo,N/A,0,1,0,0,,N/A,2018-10-17 21:01:01,N/A,
239,,charlotte tilbury hollywood lips lipstick mini set,N/A,Sephora New Combo,N/A,0,1,0,0,,N/A,2018-10-17 21:01:01,N/A,
240,,dyson blown-a-ouai noir set,N/A,Sephora New Combo,N/A,0,1,0,0,,N/A,2018-10-17 21:01:01,N/A,
241,,fenty beauty by rihanna mattemoiselle 10/10,N/A,Sephora New Combo,N/A,0,1,0,0,,N/A,2018-10-17 21:01:01,N/A,
242,,fenty beauty by rihanna two lil mattemoiselles - chill owt edition,N/A,Sephora New Combo,N/A,0,1,0,0,,N/A,2018-10-17 21:01:01,N/A,
243,,sephora collection sephora pro smokey jewels palette,N/A,Sephora New Combo,N/A,0,1,0,0,,N/A,2018-10-17 21:01:01,N/A,
244,,la mer the luminous lifting cushion foundation spf 20 + refill,N/A,Sephora New Combo,N/A,0,1,0,0,,N/A,2018-10-17 21:01:01,N/A,
245,,fenty beauty by rihanna moroccan spice collection,N/A,Sephora New Combo,N/A,0,1,0,0,,N/A,2018-10-17 21:01:01,N/A,
246,,stila nude attitude mini stay all day liquid lipstick set,N/A,Sephora New Combo,N/A,0,1,0,0,,N/A,2018-10-17 21:01:01,N/A,
247,,chanel coco mademoiselle the essentials for the weekend,N/A,Sephora New Combo,N/A,0,1,0,0,,N/A,2018-10-17 21:01:01,N/A,
248,,stila shimmer heights mini shimmer & glow liquid eye shadow set,N/A,Sephora New Combo,N/A,0,1,0,0,,N/A,2018-10-17 21:01:01,N/A,
249,,sephora collection color hit nail polish,N/A,Sephora New Combo,N/A,0,1,0,0,,N/A,2018-10-17 21:01:01,N/A,
250,,dyson special edition supersonic gift set,N/A,Sephora New Combo,N/A,0,1,0,0,,N/A,2018-10-17 21:01:01,N/A,
251,,charlotte tilbury beauty universe makeup & skincare set,N/A,Sephora New Combo,N/A,0,1,0,0,,N/A,2018-10-17 21:01:01,N/A,
252,,jouer cosmetics rose gold collection set,N/A,Sephora New Combo,N/A,0,1,0,0,,N/A,2018-10-17 21:01:01,N/A,
253,,dior j'adore eau de parfum jewel,N/A,Sephora New Combo,N/A,0,1,0,0,,N/A,2018-10-17 21:01:01,N/A,
254,,nudestix sexy nude gloss balm kit,N/A,Sephora New Combo,N/A,0,1,0,0,,N/A,2018-10-17 21:01:01,N/A,
255,,sephora collection lilly lashes for sephora collection lash set,N/A,Sephora New Combo,N/A,0,1,0,0,,N/A,2018-10-17 21:01:01,N/A,
256,,sephora collection rising star canister brush set,N/A,Sephora New Combo,N/A,0,1,0,0,,N/A,2018-10-17 21:01:01,N/A,
257,,gucci bloom nettare di fiori rollerball,N/A,Sephora New Combo,N/A,0,1,0,0,,N/A,2018-10-17 21:01:01,N/A,
258,,too faced peaches & dreams face set,N/A,Sephora New Combo,N/A,0,1,0,0,,N/A,2018-10-17 21:01:01,N/A,
259,,make up for ever star lit diamond powder,N/A,Sephora New Combo,N/A,0,1,0,0,,N/A,2018-10-17 21:01:01,N/A,
260,,stila kiss me stila mini stay all day liquid lipstick set,N/A,Sephora New Combo,N/A,0,1,0,0,,N/A,2018-10-17 21:01:01,N/A,
261,,drybar the big crushin’ smoothing + styling bundle,N/A,Sephora New Combo,N/A,0,1,0,0,,N/A,2018-10-17 21:01:01,N/A,
262,,sephora collection give me some glitter set,N/A,Sephora New Combo,N/A,0,1,0,0,,N/A,2018-10-17 21:01:01,N/A,
263,,sephora collection starlit brush set,N/A,Sephora New Combo,N/A,0,1,0,0,,N/A,2018-10-17 21:01:01,N/A,
264,,sephora collection enchanted sky eyeshadow palette,N/A,Sephora New Combo,N/A,0,1,0,0,,N/A,2018-10-17 21:01:01,N/A,
265,,benefit cosmetics vanity flare nude eyeshadow palette,N/A,Sephora New Combo,N/A,0,1,0,0,,N/A,2018-10-17 21:01:01,N/A,
266,,hourglass confession vault lipstick collection,N/A,Sephora New Combo,N/A,0,1,0,0,,N/A,2018-10-17 21:01:01,N/A,
267,,winky lux glimmer balm,N/A,Sephora New Combo,N/A,0,1,0,0,,N/A,2018-10-17 21:01:01,N/A,
268,,sephora favorites perfume sampler,N/A,Sephora New Combo,N/A,0,1,0,0,,N/A,2018-10-17 21:01:01,N/A,
269,,lilah b. aglow face mist set,N/A,Sephora New Combo,N/A,0,1,0,0,,N/A,2018-10-17 21:01:01,N/A,
270,,sephora collection wish upon a star advent calendar,N/A,Sephora New Combo,N/A,0,1,0,0,,N/A,2018-10-17 21:01:01,N/A,
271,,drybar glitter gang,N/A,Sephora New Combo,N/A,0,1,0,0,,N/A,2018-10-17 21:01:01,N/A,
272,,buxom party all night mini lip plumping set,N/A,Sephora New Combo,N/A,0,1,0,0,,N/A,2018-10-17 21:01:01,N/A,
273,,sephora collection the enchanting colors eye and face palette,N/A,Sephora New Combo,N/A,0,1,0,0,,N/A,2018-10-17 21:01:01,N/A,
274,,sephora collection starlit clutch,N/A,Sephora New Combo,N/A,0,1,0,0,,N/A,2018-10-17 21:01:01,N/A,
275,,ciaté london glitter storm eyeshadow palette,N/A,Sephora New Combo,N/A,0,1,0,0,,N/A,2018-10-17 21:01:01,N/A,
276,,anastasia beverly hills glitter adhesive,N/A,Sephora New Combo,N/A,0,1,0,0,,N/A,2018-10-17 21:01:01,N/A,
277,,sephora favorites deluxe perfume sampler,N/A,Sephora New Combo,N/A,0,1,0,0,,N/A,2018-10-17 21:01:01,N/A,
278,,lancôme starlight sparkle dual finish highlighter palette,N/A,Sephora New Combo,N/A,0,1,0,0,,N/A,2018-10-17 21:01:01,N/A,
279,,ciaté london glitter flip duo,N/A,Sephora New Combo,N/A,0,1,0,0,,N/A,2018-10-17 21:01:01,N/A,
280,,living proof perfect hair day jumbo set,N/A,Sephora New Combo,N/A,0,1,0,0,,N/A,2018-10-17 21:01:01,N/A,
281,,nails inc. fallen mermaid nail duo,N/A,Sephora New Combo,N/A,0,1,0,0,,N/A,2018-10-17 21:01:01,N/A,
282,,nudestix smokey gold eyes mini set,N/A,Sephora New Combo,N/A,0,1,0,0,,N/A,2018-10-17 21:01:01,N/A,
283,,sephora collection starlit traincase,N/A,Sephora New Combo,N/A,0,1,0,0,,N/A,2018-10-17 21:01:01,N/A,
284,,deborah lippmann party animal nail set,N/A,Sephora New Combo,N/A,0,1,0,0,,N/A,2018-10-17 21:01:01,N/A,
285,,inc.redible you lucky pucker prep & party lip gift set,N/A,Sephora New Combo,N/A,0,1,0,0,,N/A,2018-10-17 21:01:01,N/A,
286,,deborah lippmann supervixen nail trio,N/A,Sephora New Combo,N/A,0,1,0,0,,N/A,2018-10-17 21:01:01,N/A,
287,,kilian my kind of love discovery set,N/A,Sephora New Combo,N/A,0,1,0,0,,N/A,2018-10-17 21:01:01,N/A,
288,,urban decay naked cherry eyeshadow palette,N/A,Sephora New Combo,N/A,0,1,0,0,,N/A,2018-10-17 21:01:01,N/A,
289,,huda beauty obsessions eyeshadow palette – precious stones collection,N/A,Sephora New Combo,N/A,0,1,0,0,,N/A,2018-10-17 21:01:01,N/A,
290,,bumble and bumble thickening go big volumizing treatment,N/A,Sephora New Combo,N/A,0,1,0,0,,N/A,2018-10-17 21:01:01,N/A,
291,,fenty beauty by rihanna diamond bomb all-over diamond veil,N/A,Sephora New Combo,N/A,0,1,0,0,,N/A,2018-10-17 21:01:01,N/A,
292,,huda beauty the overachiever high coverage concealer,N/A,Sephora New Combo,N/A,0,1,0,0,,N/A,2018-10-17 21:01:01,N/A,
293,,burberry my burberry blush gift set,N/A,Sephora New Combo,N/A,0,1,0,0,,N/A,2018-10-17 21:01:01,N/A,
294,,sephora collection sephora pro new nudes palette,N/A,Sephora New Combo,N/A,0,1,0,0,,N/A,2018-10-17 21:01:01,N/A,
295,,too faced gingerbread spice eye shadow palette,N/A,Sephora New Combo,N/A,0,1,0,0,,N/A,2018-10-17 21:01:01,N/A,
296,,hourglass ambient lighting edit volume 4,N/A,Sephora New Combo,N/A,0,1,0,0,,N/A,2018-10-17 21:01:01,N/A,
297,,clean clean reserve set,N/A,Sephora New Combo,N/A,0,1,0,0,,N/A,2018-10-17 21:01:01,N/A,
298,,tarte pineapple of my eye collector's set,N/A,Sephora New Combo,N/A,0,1,0,0,,N/A,2018-10-17 21:01:01,N/A,
299,,sephora favorites give me more lip,2018-04-15 21:59:55,Sephora New Combo,1,1,1,0,0,,"-185 days, 0:58:54",2018-10-17 21:01:01,"-185 days, 0:58:54",
300,,alterna haircare caviar anti-aging replenishing moisture jumbo kit,N/A,Sephora New Combo,N/A,0,1,0,0,,N/A,2018-10-17 21:01:01,N/A,
301,,sephora favorites lashstash,N/A,Sephora New Combo,N/A,0,1,0,0,,N/A,2018-10-17 21:01:01,N/A,
302,,hourglass ambient lighting edit unlocked palette,N/A,Sephora New Combo,N/A,0,1,0,0,,N/A,2018-10-17 21:01:01,N/A,
303,,sephora collection pro essential brush set: rose gold edition,N/A,Sephora New Combo,N/A,0,1,0,0,,N/A,2018-10-17 21:01:01,N/A,
304,,natasha denona gold eyeshadow palette,N/A,Sephora New Combo,N/A,0,1,0,0,,N/A,2018-10-17 21:01:01,N/A,
305,,pat mcgrath labs mothership v eyeshadow palette - bronze seduction,N/A,Sephora New Combo,N/A,0,1,0,0,,N/A,2018-10-17 21:01:01,N/A,
306,,anastasia beverly hills norvina eyeshadow palette,N/A,Sephora New Combo,N/A,0,1,0,0,,N/A,2018-10-17 21:01:01,N/A,
307,,yves saint laurent black opium cracker gift set,N/A,Sephora New Combo,N/A,0,1,0,0,,N/A,2018-10-17 21:01:01,N/A,
308,,farsáli skintune blur perfecting primer serum,N/A,Sephora New Combo,N/A,0,1,0,0,,N/A,2018-10-17 21:01:01,N/A,
309,,beautyblender sweet surprise mystery blind bag,N/A,Sephora New Combo,N/A,0,1,0,0,,N/A,2018-10-17 21:01:01,N/A,
310,,briogeo hair-o-scopes brightest stars bestsellers,N/A,Sephora New Combo,N/A,0,1,0,0,,N/A,2018-10-17 21:01:01,N/A,
311,,urban decay all nighter long-lasting makeup setting spray duo,N/A,Sephora New Combo,N/A,0,1,0,0,,N/A,2018-10-17 21:01:01,N/A,
312,,cover fx power play concealer,N/A,Sephora New Combo,N/A,0,1,0,0,,N/A,2018-10-17 21:01:01,N/A,
313,,sephora collection star catcher eyeshadow pallete,N/A,Sephora New Combo,N/A,0,1,0,0,,N/A,2018-10-17 21:01:01,N/A,
314,,dior rouge dior mini 4-piece set,N/A,Sephora New Combo,N/A,0,1,0,0,,N/A,2018-10-17 21:01:01,N/A,
315,,charlotte tilbury matte revolution lipstick,N/A,Sephora New Combo,N/A,0,1,0,0,,N/A,2018-10-17 21:01:01,N/A,
316,,yves saint laurent mini tatouage collection,N/A,Sephora New Combo,N/A,0,1,0,0,,N/A,2018-10-17 21:01:01,N/A,
317,,dior miss dior blooming bouquet rollerpearl,N/A,Sephora New Combo,N/A,0,1,0,0,,N/A,2018-10-17 21:01:01,N/A,
318,,charlotte tilbury airbrush flawless finish setting powder,N/A,Sephora New Combo,N/A,0,1,0,0,,N/A,2018-10-17 21:01:01,N/A,
319,,too faced melted gingerbread girl liquified long wear matte lipstick,N/A,Sephora New Combo,N/A,0,1,0,0,,N/A,2018-10-17 21:01:01,N/A,
320,,sephora favorites party hair styling spray collection,N/A,Sephora New Combo,N/A,0,1,0,0,,N/A,2018-10-17 21:01:01,N/A,
321,,dior rouge dior ultra rouge lipstick,N/A,Sephora New Combo,N/A,0,1,0,0,,N/A,2018-10-17 21:01:01,N/A,
322,,nars climax mascara,N/A,Sephora New Combo,N/A,0,1,0,0,,N/A,2018-10-17 21:01:01,N/A,
323,,sephora collection museum of ice cream x sephora collection i scream charm bracelet,N/A,Sephora New Combo,N/A,0,1,0,0,,N/A,2018-10-17 21:01:01,N/A,
324,,yves saint laurent rouge pur couture the slim matte lipstick,N/A,Sephora New Combo,N/A,0,1,0,0,,N/A,2018-10-17 21:01:01,N/A,
325,,sephora favorites glow for it,2014-03-29 12:01:53,Sephora New Combo,1,1,1,0,0,,"-1664 days, 15:00:52",2018-10-17 21:01:01,"-1664 days, 15:00:52",
326,,too faced under the christmas tree breakaway face & eye set,N/A,Sephora New Combo,N/A,0,1,0,0,,N/A,2018-10-17 21:01:01,N/A,
327,,yves saint laurent mon paris eau de parfum gift set,N/A,Sephora New Combo,N/A,0,1,0,0,,N/A,2018-10-17 21:01:01,N/A,
328,,too faced dream queen limited-edition make up collection,N/A,Sephora New Combo,N/A,0,1,0,0,,N/A,2018-10-17 21:01:01,N/A,
329,,laura mercier pret-a-powder limited edition powder & puff,N/A,Sephora New Combo,N/A,0,1,0,0,,N/A,2018-10-17 21:01:01,N/A,
330,,sephora favorites best hair ever,N/A,Sephora New Combo,N/A,0,1,0,0,,N/A,2018-10-17 21:01:01,N/A,
331,,bite beauty sweet treats agave lip care set,N/A,Sephora New Combo,N/A,0,1,0,0,,N/A,2018-10-17 21:01:01,N/A,
332,,kat von d fetish eyeshadow palette,N/A,Sephora New Combo,N/A,0,1,0,0,,N/A,2018-10-17 21:01:01,N/A,
333,,sephora collection midnight wishes eyeshadow palette,N/A,Sephora New Combo,N/A,0,1,0,0,,N/A,2018-10-17 21:01:01,N/A,
334,,bite beauty agave treat trio mini agave lip mask set,N/A,Sephora New Combo,N/A,0,1,0,0,,N/A,2018-10-17 21:01:01,N/A,
335,,nars orgasm infatuation palette,N/A,Sephora New Combo,N/A,0,1,0,0,,N/A,2018-10-17 21:01:01,N/A,
336,,stila aura alight glitter & glow highlighter and liquid eyeshadow set,N/A,Sephora New Combo,N/A,0,1,0,0,,N/A,2018-10-17 21:01:01,N/A,
337,,giorgio armani beauty acqua di gioia set,N/A,Sephora New Combo,N/A,0,1,0,0,,N/A,2018-10-17 21:01:01,N/A,
338,,sephora favorites superstars kit,N/A,Sephora New Combo,N/A,0,1,0,0,,N/A,2018-10-17 21:01:01,N/A,
339,,living proof restore dry scalp treatment,N/A,Sephora New Combo,N/A,0,1,0,0,,N/A,2018-10-17 21:01:01,N/A,
340,,glossier milky jelly cleanser,2016-01-19 19:03:35,Allure Best of Beauty 2017,1,1,0,1,0,2017-09-17 21:01:01,"-1003 days, 22:02:34",,"-1003 days, 22:02:34",-395 days +00:00:00.000000000
341,,skinfix foaming clay cleanser,2018-03-08 11:29:17,Allure Best of Beauty 2017,1,1,0,1,0,2017-09-17 21:01:01,"-224 days, 14:28:16",,"-224 days, 14:28:16",-395 days +00:00:00.000000000
342,,rodan + fields soothe gentle cream wash,N/A,Allure Best of Beauty 2017,N/A,0,0,1,0,2017-09-17 21:01:01,N/A,,N/A,-395 days +00:00:00.000000000
343,,mustela facial cleansing wipes,N/A,Allure Best of Beauty 2017,N/A,0,0,1,0,2017-09-17 21:01:01,N/A,,N/A,-395 days +00:00:00.000000000
344,,julep love your bare face detoxifying cleansing stick,N/A,Allure Best of Beauty 2017,N/A,0,0,1,0,2017-09-17 21:01:01,N/A,,N/A,-395 days +00:00:00.000000000
345,,fresh rose deep hydration facial toner,2017-02-06 19:08:42,Allure Best of Beauty 2017,1,1,0,1,0,2017-09-17 21:01:01,"-619 days, 22:07:41",,"-619 days, 22:07:41",-395 days +00:00:00.000000000
346,,h2o+ aquadefense shielding matcha facial essence,N/A,Allure Best of Beauty 2017,N/A,0,0,1,0,2017-09-17 21:01:01,N/A,,N/A,-395 days +00:00:00.000000000
347,,caudalie vine activ overnight detox night oil,N/A,Allure Best of Beauty 2017,N/A,0,0,1,0,2017-09-17 21:01:01,N/A,,N/A,-395 days +00:00:00.000000000
348,,aveeno absolutely ageless intensive renewal serum,N/A,Allure Best of Beauty 2017,N/A,0,0,1,0,2017-09-17 21:01:01,N/A,,N/A,-395 days +00:00:00.000000000
349,,roc retinol correxion deep wrinkle daily moisturizer,2015-01-20 07:46:56,Allure Best of Beauty 2017,1,1,0,1,0,2017-09-17 21:01:01,"-1367 days, 10:45:55",,"-1367 days, 10:45:55",-395 days +00:00:00.000000000
350,,no7 lift & luminate triple action serum,2017-09-05 18:53:40,Allure Best of Beauty 2017,1,1,0,1,0,2017-09-17 21:01:01,"-408 days, 21:52:39",,"-408 days, 21:52:39",-395 days +00:00:00.000000000
351,,olay luminous miracle boost concentrate,2017-08-06 17:10:19,Allure Best of Beauty 2017,3,1,0,1,0,2017-09-17 21:01:01,"-438 days, 20:09:18",,"-438 days, 20:09:18",-395 days +00:00:00.000000000
352,,l’oréal paris hydra genius daily liquid care moisturizer,N/A,Allure Best of Beauty 2017,N/A,0,0,1,0,2017-09-17 21:01:01,N/A,,N/A,-395 days +00:00:00.000000000
353,,estée lauder daywear matte oil-control antioxidant moisture gel creme,N/A,Allure Best of Beauty 2017,N/A,0,0,1,0,2017-09-17 21:01:01,N/A,,N/A,-395 days +00:00:00.000000000
354,,garnier skinactive moisture bomb the antioxidant super moisturizer,2018-05-08 01:04:25,Allure Best of Beauty 2017,1,1,0,1,0,2017-09-17 21:01:01,"-163 days, 4:03:24",,"-163 days, 4:03:24",-395 days +00:00:00.000000000
355,,strivectin retinol eye cream,2016-06-24 11:16:13,Allure Best of Beauty 2017,2,1,0,1,0,2017-09-17 21:01:01,"-846 days, 14:15:12",,"-846 days, 14:15:12",-395 days +00:00:00.000000000
356,,first aid beauty eye duty triple remedy am gel cream,2017-06-25 19:46:51,Allure Best of Beauty 2017,2,1,0,1,0,2017-09-17 21:01:01,"-480 days, 22:45:50",,"-480 days, 22:45:50",-395 days +00:00:00.000000000
357,,elizabeth arden advanced ceramide capsules daily youth restoring eye serum,N/A,Allure Best of Beauty 2017,N/A,0,0,1,0,2017-09-17 21:01:01,N/A,,N/A,-395 days +00:00:00.000000000
358,,aveda tulasara wedding masque eye overnight,N/A,Allure Best of Beauty 2017,N/A,0,0,1,0,2017-09-17 21:01:01,N/A,,N/A,-395 days +00:00:00.000000000
359,,clinique pep-start eye cream,2016-05-05 14:14:35,Allure Best of Beauty 2017,-1,1,0,1,0,2017-09-17 21:01:01,"-896 days, 17:13:34",,"-896 days, 17:13:34",-395 days +00:00:00.000000000
360,,e.l.f. gentle peeling exfoliant,N/A,Allure Best of Beauty 2017,N/A,0,0,1,0,2017-09-17 21:01:01,N/A,,N/A,-395 days +00:00:00.000000000
361,,philosophy purity made simple pore extractor exfoliating clay mask,2018-04-09 17:31:44,Allure Best of Beauty 2017,1,1,0,1,0,2017-09-17 21:01:01,"-192 days, 20:30:43",,"-192 days, 20:30:43",-395 days +00:00:00.000000000
362,,dr. jart+ rubber mask bright lover,N/A,Allure Best of Beauty 2017,N/A,0,0,1,0,2017-09-17 21:01:01,N/A,,N/A,-395 days +00:00:00.000000000
363,,garnier skinactive moisture bomb the super hydrating sheet mask,2018-04-19 12:23:23,Allure Best of Beauty 2017,1,1,0,1,0,2017-09-17 21:01:01,"-182 days, 15:22:22",,"-182 days, 15:22:22",-395 days +00:00:00.000000000
364,,shiseido beneficiance retinol eye mask,N/A,Allure Best of Beauty 2017,N/A,0,0,1,0,2017-09-17 21:01:01,N/A,,N/A,-395 days +00:00:00.000000000
365,,laneige water sleeping mask,2018-09-14 00:27:08,Allure Best of Beauty 2017,1,1,0,1,0,2017-09-17 21:01:01,"-34 days, 3:26:07",,"-34 days, 3:26:07",-395 days +00:00:00.000000000
366,,la roche-posay anthelios clear skin dry touch sunscreen spf 60,2016-05-10 22:53:19,Allure Best of Beauty 2017,7,1,0,1,0,2017-09-17 21:01:01,"-890 days, 1:52:18",,"-890 days, 1:52:18",-395 days +00:00:00.000000000
367,,skinceuticals physical fusion uv defense spf 50,2013-01-27 04:05:56,Allure Best of Beauty 2017,3,1,0,1,0,2017-09-17 21:01:01,"-2090 days, 7:04:55",,"-2090 days, 7:04:55",-395 days +00:00:00.000000000
368,,skinfix facial exfoliating pads,2017-04-12 16:23:24,Allure Best of Beauty 2017,1,1,0,1,0,2017-09-17 21:01:01,"-554 days, 19:22:23",,"-554 days, 19:22:23",-395 days +00:00:00.000000000
369,,differin gel,2012-11-21 07:11:51,Allure Best of Beauty 2017,0,1,0,1,0,2017-09-17 21:01:01,"-2157 days, 10:10:50",,"-2157 days, 10:10:50",-395 days +00:00:00.000000000
370,,kiehl’s breakout control targeted acne spot treatment,N/A,Allure Best of Beauty 2017,N/A,0,0,1,0,2017-09-17 21:01:01,N/A,,N/A,-395 days +00:00:00.000000000
371,,la roche-posay effaclar dermatological 3-step acne system,2018-03-03 16:44:00,Allure Best of Beauty 2017,1,1,0,1,0,2017-09-17 21:01:01,"-229 days, 19:42:59",,"-229 days, 19:42:59",-395 days +00:00:00.000000000
372,,l’oréal paris extraordinary clay shampoo,N/A,Allure Best of Beauty 2017,N/A,0,0,1,0,2017-09-17 21:01:01,N/A,,N/A,-395 days +00:00:00.000000000
373,,pantene pro-v daily moisture renewal shampoo,N/A,Allure Best of Beauty 2017,N/A,0,0,1,0,2017-09-17 21:01:01,N/A,,N/A,-395 days +00:00:00.000000000
374,, virtue recovery shampoo,N/A,Allure Best of Beauty 2017,N/A,0,0,1,0,2017-09-17 21:01:01,N/A,,N/A,-395 days +00:00:00.000000000
375,, schwarzkopf gliss ultimate shampoo,N/A,Allure Best of Beauty 2017,N/A,0,0,1,0,2017-09-17 21:01:01,N/A,,N/A,-395 days +00:00:00.000000000
376,,sheamoisture smooth & tame shampoo,N/A,Allure Best of Beauty 2017,N/A,0,0,1,0,2017-09-17 21:01:01,N/A,,N/A,-395 days +00:00:00.000000000
377,,inoar divine curls shampoo,N/A,Allure Best of Beauty 2017,N/A,0,0,1,0,2017-09-17 21:01:01,N/A,,N/A,-395 days +00:00:00.000000000
378,,dove dermacare scalp dryness & itch relief shampoo,2017-12-08 18:58:44,Allure Best of Beauty 2017,1,1,0,1,0,2017-09-17 21:01:01,"-314 days, 21:57:43",,"-314 days, 21:57:43",-395 days +00:00:00.000000000
379,,as i am coconut cowash cleansing conditioner,2015-08-17 18:34:06,Allure Best of Beauty 2017,1,1,0,1,0,2017-09-17 21:01:01,"-1158 days, 21:33:05",,"-1158 days, 21:33:05",-395 days +00:00:00.000000000
380,,john frieda frizz ease 10 day tamer pre-shower treatment,N/A,Allure Best of Beauty 2017,N/A,0,0,1,0,2017-09-17 21:01:01,N/A,,N/A,-395 days +00:00:00.000000000
381,,redken extreme mega mask,N/A,Allure Best of Beauty 2017,N/A,0,0,1,0,2017-09-17 21:01:01,N/A,,N/A,-395 days +00:00:00.000000000
382,,briogeo scalp revival charcoal + tea tree scalp treatment,2018-04-07 23:32:33,Allure Best of Beauty 2017,1,1,0,1,0,2017-09-17 21:01:01,"-193 days, 2:31:32",,"-193 days, 2:31:32",-395 days +00:00:00.000000000
383,,ogx fade-defying + orchid oil color protect oil,N/A,Allure Best of Beauty 2017,N/A,0,0,1,0,2017-09-17 21:01:01,N/A,,N/A,-395 days +00:00:00.000000000
384,,rogaine women's 5% minoxidil foam,N/A,Allure Best of Beauty 2017,N/A,0,0,1,0,2017-09-17 21:01:01,N/A,,N/A,-395 days +00:00:00.000000000
385,,sexy hair big sexy hair powder play lite,N/A,Allure Best of Beauty 2017,N/A,0,0,1,0,2017-09-17 21:01:01,N/A,,N/A,-395 days +00:00:00.000000000
386,,alterna caviar cc cream,N/A,Allure Best of Beauty 2017,N/A,0,0,1,0,2017-09-17 21:01:01,N/A,,N/A,-395 days +00:00:00.000000000
387,,color wow dream coat supernatural spray,N/A,Allure Best of Beauty 2017,N/A,0,0,1,0,2017-09-17 21:01:01,N/A,,N/A,-395 days +00:00:00.000000000
388,,nexxus city shield dd créme,N/A,Allure Best of Beauty 2017,N/A,0,0,1,0,2017-09-17 21:01:01,N/A,,N/A,-395 days +00:00:00.000000000
389,,curls blueberry bliss curl control jelly,N/A,Allure Best of Beauty 2017,N/A,0,0,1,0,2017-09-17 21:01:01,N/A,,N/A,-395 days +00:00:00.000000000
390,,igk rich kid coconut oil gel,2018-10-08 16:59:59,Allure Best of Beauty 2017,1,1,0,1,0,2017-09-17 21:01:01,"-10 days, 19:58:58",,"-10 days, 19:58:58",-395 days +00:00:00.000000000
391,,ouai wave spray,2018-05-15 08:32:29,Allure Best of Beauty 2017,1,1,0,1,0,2017-09-17 21:01:01,"-156 days, 11:31:28",,"-156 days, 11:31:28",-395 days +00:00:00.000000000
392,,not your mother's coconut milk & african marula tree oil high moisture smoothing cream,N/A,Allure Best of Beauty 2017,N/A,0,0,1,0,2017-09-17 21:01:01,N/A,,N/A,-395 days +00:00:00.000000000
393,,creme of nature with argan oil perfect edges extra hold,N/A,Allure Best of Beauty 2017,N/A,0,0,1,0,2017-09-17 21:01:01,N/A,,N/A,-395 days +00:00:00.000000000
394,,carol’s daughter pracaxi nectar curl twisting custard,N/A,Allure Best of Beauty 2017,N/A,0,0,1,0,2017-09-17 21:01:01,N/A,,N/A,-395 days +00:00:00.000000000
395,,oribe free styler working hairspray,N/A,Allure Best of Beauty 2017,N/A,0,0,1,0,2017-09-17 21:01:01,N/A,,N/A,-395 days +00:00:00.000000000
396,,paul mitchell awapuhi wild ginger texturizing sea spray,N/A,Allure Best of Beauty 2017,N/A,0,0,1,0,2017-09-17 21:01:01,N/A,,N/A,-395 days +00:00:00.000000000
397,,garnier fructis moisture lock 10-in-1 rescue leave-in spray,N/A,Allure Best of Beauty 2017,N/A,0,0,1,0,2017-09-17 21:01:01,N/A,,N/A,-395 days +00:00:00.000000000
398,,flawless by gabrielle union shine spray,N/A,Allure Best of Beauty 2017,N/A,0,0,1,0,2017-09-17 21:01:01,N/A,,N/A,-395 days +00:00:00.000000000
399,,wella professionals oil reflections luminous smoothing oil,N/A,Allure Best of Beauty 2017,N/A,0,0,1,0,2017-09-17 21:01:01,N/A,,N/A,-395 days +00:00:00.000000000
400,,hask charcoal purifying dry shampoo,N/A,Allure Best of Beauty 2017,N/A,0,0,1,0,2017-09-17 21:01:01,N/A,,N/A,-395 days +00:00:00.000000000
401,,esalon made for you custom hair color,N/A,Allure Best of Beauty 2017,N/A,0,0,1,0,2017-09-17 21:01:01,N/A,,N/A,-395 days +00:00:00.000000000
402,,dphue root touch-up kit,N/A,Allure Best of Beauty 2017,N/A,0,0,1,0,2017-09-17 21:01:01,N/A,,N/A,-395 days +00:00:00.000000000
403,,color wow root cover up,N/A,Allure Best of Beauty 2017,N/A,0,0,1,0,2017-09-17 21:01:01,N/A,,N/A,-395 days +00:00:00.000000000
404,,clairol color crave hair makeup,N/A,Allure Best of Beauty 2017,N/A,0,0,1,0,2017-09-17 21:01:01,N/A,,N/A,-395 days +00:00:00.000000000
405,,john frieda clear shine luminous glaze,N/A,Allure Best of Beauty 2017,N/A,0,0,1,0,2017-09-17 21:01:01,N/A,,N/A,-395 days +00:00:00.000000000
406,,paula's choice resist smoothing primer serum,2017-06-04 14:00:48,Allure Best of Beauty 2017,5,1,0,1,0,2017-09-17 21:01:01,"-501 days, 16:59:47",,"-501 days, 16:59:47",-395 days +00:00:00.000000000
407,,covergirl vitalist healthy elixir foundation,2017-12-21 13:44:44,Allure Best of Beauty 2017,1,1,0,1,0,2017-09-17 21:01:01,"-301 days, 16:43:43",,"-301 days, 16:43:43",-395 days +00:00:00.000000000
408,,dior diorskin forever fluid foundation,N/A,Allure Best of Beauty 2017,N/A,0,0,1,0,2017-09-17 21:01:01,N/A,,N/A,-395 days +00:00:00.000000000
409,,shiseido synchro skin glow luminizing fluid foundation,N/A,Allure Best of Beauty 2017,N/A,0,0,1,0,2017-09-17 21:01:01,N/A,,N/A,-395 days +00:00:00.000000000
410,,burt’s bees mattifying powder foundation,2018-09-08 18:48:38,Allure Best of Beauty 2017,1,1,0,1,0,2017-09-17 21:01:01,"-40 days, 21:47:37",,"-40 days, 21:47:37",-395 days +00:00:00.000000000
411,,bareminerals complexion rescue tinted hydrating gel cream,2016-04-13 12:31:06,Allure Best of Beauty 2017,1,1,0,1,0,2017-09-17 21:01:01,"-918 days, 15:30:05",,"-918 days, 15:30:05",-395 days +00:00:00.000000000
412,,neutrogena hydro boost hydrating tint,2018-01-24 00:07:19,Allure Best of Beauty 2017,1,1,0,1,0,2017-09-17 21:01:01,"-267 days, 3:06:18",,"-267 days, 3:06:18",-395 days +00:00:00.000000000
413,,flower beauty flower pots powder blush,N/A,Allure Best of Beauty 2017,N/A,0,0,1,0,2017-09-17 21:01:01,N/A,,N/A,-395 days +00:00:00.000000000
414,,tom ford shade and illuminate cheeks blush,N/A,Allure Best of Beauty 2017,N/A,0,0,1,0,2017-09-17 21:01:01,N/A,,N/A,-395 days +00:00:00.000000000
415,,milk makeup holographic stick in mars,N/A,Allure Best of Beauty 2017,N/A,0,0,1,0,2017-09-17 21:01:01,N/A,,N/A,-395 days +00:00:00.000000000
416,,make up for ever pro light fusion,N/A,Allure Best of Beauty 2017,N/A,0,0,1,0,2017-09-17 21:01:01,N/A,,N/A,-395 days +00:00:00.000000000
417,,kkw beauty crème contour & highlight kit,N/A,Allure Best of Beauty 2017,N/A,0,0,1,0,2017-09-17 21:01:01,N/A,,N/A,-395 days +00:00:00.000000000
418,,laura mercier candleglow sheer perfecting powder,N/A,Allure Best of Beauty 2017,N/A,0,0,1,0,2017-09-17 21:01:01,N/A,,N/A,-395 days +00:00:00.000000000
419,,kat von d lock-it brightening powder,N/A,Allure Best of Beauty 2017,N/A,0,0,1,0,2017-09-17 21:01:01,N/A,,N/A,-395 days +00:00:00.000000000
420,,lancôme teint idole ultra wear camouflage concealer,N/A,Allure Best of Beauty 2017,N/A,0,0,1,0,2017-09-17 21:01:01,N/A,,N/A,-395 days +00:00:00.000000000
421,,nars soft matte complete concealer,2017-02-07 19:24:17,Allure Best of Beauty 2017,1,1,0,1,0,2017-09-17 21:01:01,"-618 days, 22:23:16",,"-618 days, 22:23:16",-395 days +00:00:00.000000000
422,,tan-luxe the face illuminating self-tan drops,2018-02-08 21:31:57,Allure Best of Beauty 2017,1,1,0,1,0,2017-09-17 21:01:01,"-251 days, 0:30:56",,"-251 days, 0:30:56",-395 days +00:00:00.000000000
423,,marc jacobs beauty omega bronze perfect tan bronzer,N/A,Allure Best of Beauty 2017,N/A,0,0,1,0,2017-09-17 21:01:01,N/A,,N/A,-395 days +00:00:00.000000000
424,,l’oréal paris sublime bronze summer express wash-off face bronzer cream,N/A,Allure Best of Beauty 2017,N/A,0,0,1,0,2017-09-17 21:01:01,N/A,,N/A,-395 days +00:00:00.000000000
425,,pat mcgrath labs lust mattetrance lipstick in elson,N/A,Allure Best of Beauty 2017,N/A,0,0,1,0,2017-09-17 21:01:01,N/A,,N/A,-395 days +00:00:00.000000000
426,,gucci luxurious moisture-rich lipstick in tulip,N/A,Allure Best of Beauty 2017,N/A,0,0,1,0,2017-09-17 21:01:01,N/A,,N/A,-395 days +00:00:00.000000000
427,,kylie cosmetics matte liquid lipstick & lip liner in posie k,N/A,Allure Best of Beauty 2017,N/A,0,0,1,0,2017-09-17 21:01:01,N/A,,N/A,-395 days +00:00:00.000000000
428,,butter london plush rush lipstick in playful,N/A,Allure Best of Beauty 2017,N/A,0,0,1,0,2017-09-17 21:01:01,N/A,,N/A,-395 days +00:00:00.000000000
429,,charlotte tilbury matte revolution lipstick in pillow talk,N/A,Allure Best of Beauty 2017,N/A,0,0,1,0,2017-09-17 21:01:01,N/A,,N/A,-395 days +00:00:00.000000000
430,,bite beauty amuse bouche liquified lipstick in chutney,N/A,Allure Best of Beauty 2017,N/A,0,0,1,0,2017-09-17 21:01:01,N/A,,N/A,-395 days +00:00:00.000000000
431,,giorgio armani rouge d’armani lip color in bamboo,N/A,Allure Best of Beauty 2017,N/A,0,0,1,0,2017-09-17 21:01:01,N/A,,N/A,-395 days +00:00:00.000000000
432,,covergirl melting pout gel liquid lipstick in gelfriend,N/A,Allure Best of Beauty 2017,N/A,0,0,1,0,2017-09-17 21:01:01,N/A,,N/A,-395 days +00:00:00.000000000
433,,nars powermatte lip pigment in rock with you,N/A,Allure Best of Beauty 2017,N/A,0,0,1,0,2017-09-17 21:01:01,N/A,,N/A,-395 days +00:00:00.000000000
434,,maybelline new york color sensational lipstick in midnight blue,N/A,Allure Best of Beauty 2017,N/A,0,0,1,0,2017-09-17 21:01:01,N/A,,N/A,-395 days +00:00:00.000000000
435,,clinique pop matte lip colour + primer in shock pop,N/A,Allure Best of Beauty 2017,N/A,0,0,1,0,2017-09-17 21:01:01,N/A,,N/A,-395 days +00:00:00.000000000
436,,milani amore matte metallic lip crème in the ultimatte,N/A,Allure Best of Beauty 2017,N/A,0,0,1,0,2017-09-17 21:01:01,N/A,,N/A,-395 days +00:00:00.000000000
437,,clarins joli rouge brillant lipstick in soft berry,N/A,Allure Best of Beauty 2017,N/A,0,0,1,0,2017-09-17 21:01:01,N/A,,N/A,-395 days +00:00:00.000000000
438,,rimmel london oh my gloss oil tint,N/A,Allure Best of Beauty 2017,N/A,0,0,1,0,2017-09-17 21:01:01,N/A,,N/A,-395 days +00:00:00.000000000
439,,maybelline new york baby lips color balm crayon,N/A,Allure Best of Beauty 2017,N/A,0,0,1,0,2017-09-17 21:01:01,N/A,,N/A,-395 days +00:00:00.000000000
440,,chantecaille brilliant lip gloss,N/A,Allure Best of Beauty 2017,N/A,0,0,1,0,2017-09-17 21:01:01,N/A,,N/A,-395 days +00:00:00.000000000
441,,chanel rouge allure ink matte liquid lip colour,N/A,Allure Best of Beauty 2017,N/A,0,0,1,0,2017-09-17 21:01:01,N/A,,N/A,-395 days +00:00:00.000000000
442,,tatcha camellia gold spun lip balm,2018-02-13 21:15:16,Allure Best of Beauty 2017,1,1,0,1,0,2017-09-17 21:01:01,"-246 days, 0:14:15",,"-246 days, 0:14:15",-395 days +00:00:00.000000000
443,,jack black intense therapy lip balm spf 25,2013-08-02 10:00:05,Allure Best of Beauty 2017,2,1,0,1,0,2017-09-17 21:01:01,"-1903 days, 12:59:04",,"-1903 days, 12:59:04",-395 days +00:00:00.000000000
444,,crest 3d white no slip whitestrips with light,N/A,Allure Best of Beauty 2017,N/A,0,0,1,0,2017-09-17 21:01:01,N/A,,N/A,-395 days +00:00:00.000000000
445,,l’oréal paris colour riche eye shadow in noir c’est noir,N/A,Allure Best of Beauty 2017,N/A,0,0,1,0,2017-09-17 21:01:01,N/A,,N/A,-395 days +00:00:00.000000000
446,,revlon colorstay crème eye shadow in crème brûlée,N/A,Allure Best of Beauty 2017,N/A,0,0,1,0,2017-09-17 21:01:01,N/A,,N/A,-395 days +00:00:00.000000000
447,,colourpop pressed shadow in cloud nine,N/A,Allure Best of Beauty 2017,N/A,0,0,1,0,2017-09-17 21:01:01,N/A,,N/A,-395 days +00:00:00.000000000
448,,mary kay mineral eye color in granite,N/A,Allure Best of Beauty 2017,N/A,0,0,1,0,2017-09-17 21:01:01,N/A,,N/A,-395 days +00:00:00.000000000
449,,l’oréal paris infallible paints metallics eye shadow in brass knuckles,N/A,Allure Best of Beauty 2017,N/A,0,0,1,0,2017-09-17 21:01:01,N/A,,N/A,-395 days +00:00:00.000000000
450,,givenchy ombre couture cream eyeshadow in prune taffetas,N/A,Allure Best of Beauty 2017,N/A,0,0,1,0,2017-09-17 21:01:01,N/A,,N/A,-395 days +00:00:00.000000000
451,,urban decay naked ultimate basics,N/A,Allure Best of Beauty 2017,N/A,0,0,1,0,2017-09-17 21:01:01,N/A,,N/A,-395 days +00:00:00.000000000
452,,wander beauty unlashed volume & curl mascara,N/A,Allure Best of Beauty 2017,N/A,0,0,1,0,2017-09-17 21:01:01,N/A,,N/A,-395 days +00:00:00.000000000
453,,avon true color superextend nourishing mascara,N/A,Allure Best of Beauty 2017,N/A,0,0,1,0,2017-09-17 21:01:01,N/A,,N/A,-395 days +00:00:00.000000000
454,,maybelline new york the colossal big shot mascara,N/A,Allure Best of Beauty 2017,N/A,0,0,1,0,2017-09-17 21:01:01,N/A,,N/A,-395 days +00:00:00.000000000
455,,lancôme monsieur big mascara,N/A,Allure Best of Beauty 2017,N/A,0,0,1,0,2017-09-17 21:01:01,N/A,,N/A,-395 days +00:00:00.000000000
456,,em cosmetics matte gel pencil,N/A,Allure Best of Beauty 2017,N/A,0,0,1,0,2017-09-17 21:01:01,N/A,,N/A,-395 days +00:00:00.000000000
457,,jouer slim crème eyeliner in matte brown,N/A,Allure Best of Beauty 2017,N/A,0,0,1,0,2017-09-17 21:01:01,N/A,,N/A,-395 days +00:00:00.000000000
458,,l’oréal paris infallible paints liquid eyeliner in electric blue,N/A,Allure Best of Beauty 2017,N/A,0,0,1,0,2017-09-17 21:01:01,N/A,,N/A,-395 days +00:00:00.000000000
459,,maybelline new york curvitude liner,N/A,Allure Best of Beauty 2017,N/A,0,0,1,0,2017-09-17 21:01:01,N/A,,N/A,-395 days +00:00:00.000000000
460,,shiseido inkstroke eyeliner,N/A,Allure Best of Beauty 2017,N/A,0,0,1,0,2017-09-17 21:01:01,N/A,,N/A,-395 days +00:00:00.000000000
461,,bobbi brown long-wear waterproof liner,N/A,Allure Best of Beauty 2017,N/A,0,0,1,0,2017-09-17 21:01:01,N/A,,N/A,-395 days +00:00:00.000000000
462,,make up for ever brow gel,2015-09-28 20:00:31,Allure Best of Beauty 2017,2,1,0,1,0,2017-09-17 21:01:01,"-1116 days, 22:59:30",,"-1116 days, 22:59:30",-395 days +00:00:00.000000000
463,,benefit gimme brow,2014-01-01 12:27:44,Allure Best of Beauty 2017,23,1,0,1,0,2017-09-17 21:01:01,"-1751 days, 15:26:43",,"-1751 days, 15:26:43",-395 days +00:00:00.000000000
464,,anastasia beverly hills brow wiz,2016-05-17 01:05:18,Allure Best of Beauty 2017,2,1,0,1,0,2017-09-17 21:01:01,"-884 days, 4:04:17",,"-884 days, 4:04:17",-395 days +00:00:00.000000000
465,,covergirl easy breezy brow fill + shape + define powder,N/A,Allure Best of Beauty 2017,N/A,0,0,1,0,2017-09-17 21:01:01,N/A,,N/A,-395 days +00:00:00.000000000
466,,revitabrow advanced eyebrow conditioner,2017-03-15 12:34:16,Allure Best of Beauty 2017,2,1,0,1,0,2017-09-17 21:01:01,"-582 days, 15:33:15",,"-582 days, 15:33:15",-395 days +00:00:00.000000000
467,,garnier skinactive micellar cleansing water all-in-1,2016-06-01 00:18:19,Allure Best of Beauty 2017,3,1,0,1,0,2017-09-17 21:01:01,"-869 days, 3:17:18",,"-869 days, 3:17:18",-395 days +00:00:00.000000000
468,,l’oréal paris voluminous lash paradise mascara,N/A,Allure Best of Beauty 2017,N/A,0,0,1,0,2017-09-17 21:01:01,N/A,,N/A,-395 days +00:00:00.000000000
469,,almay pen eyeliner,N/A,Allure Best of Beauty 2017,N/A,0,0,1,0,2017-09-17 21:01:01,N/A,,N/A,-395 days +00:00:00.000000000
470,,wet n wild megalast liquid catsuit matte lipstick,N/A,Allure Best of Beauty 2017,N/A,0,0,1,0,2017-09-17 21:01:01,N/A,,N/A,-395 days +00:00:00.000000000
471,,nyx away we glow liquid highlighter,N/A,Allure Best of Beauty 2017,N/A,0,0,1,0,2017-09-17 21:01:01,N/A,,N/A,-395 days +00:00:00.000000000
472,,rimmel london match perfection silky loose face powder,N/A,Allure Best of Beauty 2017,N/A,0,0,1,0,2017-09-17 21:01:01,N/A,,N/A,-395 days +00:00:00.000000000
473,,covergirl outlast all-day soft touch concealer,N/A,Allure Best of Beauty 2017,N/A,0,0,1,0,2017-09-17 21:01:01,N/A,,N/A,-395 days +00:00:00.000000000
474,,maybelline new york brow precise fiber volumizer,N/A,Allure Best of Beauty 2017,N/A,0,0,1,0,2017-09-17 21:01:01,N/A,,N/A,-395 days +00:00:00.000000000
475,,herbal essences arabica coffee fruit shampoo,N/A,Allure Best of Beauty 2017,N/A,0,0,1,0,2017-09-17 21:01:01,N/A,,N/A,-395 days +00:00:00.000000000
476,,head & shoulders smooth and silky shampoo,2017-04-15 09:46:41,Allure Best of Beauty 2017,1,1,0,1,0,2017-09-17 21:01:01,"-551 days, 12:45:40",,"-551 days, 12:45:40",-395 days +00:00:00.000000000
477,,pantene pro-v daily moisture renewal foam conditioner,N/A,Allure Best of Beauty 2017,N/A,0,0,1,0,2017-09-17 21:01:01,N/A,,N/A,-395 days +00:00:00.000000000
478,,tresemmé repair & protect 7 instant recovery mask,N/A,Allure Best of Beauty 2017,N/A,0,0,1,0,2017-09-17 21:01:01,N/A,,N/A,-395 days +00:00:00.000000000
479,,l’oréal paris air dry it wave swept spray,N/A,Allure Best of Beauty 2017,N/A,0,0,1,0,2017-09-17 21:01:01,N/A,,N/A,-395 days +00:00:00.000000000
480,,suave avocado + olive oil smoothing leave-in conditioning cream,N/A,Allure Best of Beauty 2017,N/A,0,0,1,0,2017-09-17 21:01:01,N/A,,N/A,-395 days +00:00:00.000000000
481,,dark & lovely au naturale anti-shrinkage clumping curl crème gel,N/A,Allure Best of Beauty 2017,N/A,0,0,1,0,2017-09-17 21:01:01,N/A,,N/A,-395 days +00:00:00.000000000
482,,clean & clear acne triple clear bubble foam cleanser,2017-07-05 18:28:20,Allure Best of Beauty 2017,1,1,0,1,0,2017-09-17 21:01:01,"-470 days, 21:27:19",,"-470 days, 21:27:19",-395 days +00:00:00.000000000
483,,aveeno positively radiant in-shower facial,2014-01-29 16:07:15,Allure Best of Beauty 2017,1,1,0,1,0,2017-09-17 21:01:01,"-1723 days, 19:06:14",,"-1723 days, 19:06:14",-395 days +00:00:00.000000000
484,,bioré baking soda acne scrub,2017-08-13 10:05:01,Allure Best of Beauty 2017,-12,1,0,1,0,2017-09-17 21:01:01,"-431 days, 13:04:00",,"-431 days, 13:04:00",-395 days +00:00:00.000000000
485,,st. ives exfoliate & nourish apricot oil scrub,2018-07-05 01:13:00,Allure Best of Beauty 2017,1,1,0,1,0,2017-09-17 21:01:01,"-105 days, 4:11:59",,"-105 days, 4:11:59",-395 days +00:00:00.000000000
486,,simple skincare hydrating booster,2016-03-09 14:53:18,Allure Best of Beauty 2017,2,1,0,1,0,2017-09-17 21:01:01,"-953 days, 17:52:17",,"-953 days, 17:52:17",-395 days +00:00:00.000000000
487,,nügg soothing,N/A,Allure Best of Beauty 2017,N/A,0,0,1,0,2017-09-17 21:01:01,N/A,,N/A,-395 days +00:00:00.000000000
488,,neutrogena makeup remover cleansing towelettes,2013-04-26 10:52:47,Allure Best of Beauty 2017,1,1,0,1,0,2017-09-17 21:01:01,"-2001 days, 13:51:46",,"-2001 days, 13:51:46",-395 days +00:00:00.000000000
489,,john masters organics lip calm,N/A,Allure Best of Beauty 2017,N/A,0,0,1,0,2017-09-17 21:01:01,N/A,,N/A,-395 days +00:00:00.000000000
490,,olay duo,2018-05-31 21:35:18,Allure Best of Beauty 2017,1,1,0,1,0,2017-09-17 21:01:01,"-139 days, 0:34:17",,"-139 days, 0:34:17",-395 days +00:00:00.000000000
491,,vaseline intensive care mature skin rejuvenation healing moisture lotion,N/A,Allure Best of Beauty 2017,N/A,0,0,1,0,2017-09-17 21:01:01,N/A,,N/A,-395 days +00:00:00.000000000
492,,nivea creme soft silk mousse,N/A,Allure Best of Beauty 2017,N/A,0,0,1,0,2017-09-17 21:01:01,N/A,,N/A,-395 days +00:00:00.000000000
493,,eos shave cream,2012-12-07 08:59:14,Allure Best of Beauty 2017,1,1,0,1,0,2017-09-17 21:01:01,"-2141 days, 11:58:13",,"-2141 days, 11:58:13",-395 days +00:00:00.000000000
494,,dial hibiscus water body wash,N/A,Allure Best of Beauty 2017,N/A,0,0,1,0,2017-09-17 21:01:01,N/A,,N/A,-395 days +00:00:00.000000000
495,,dove shower foam deep moisture foaming body wash,N/A,Allure Best of Beauty 2017,N/A,0,0,1,0,2017-09-17 21:01:01,N/A,,N/A,-395 days +00:00:00.000000000
496,,dyson supersonic hair dryer,N/A,Allure Best of Beauty 2017,N/A,0,0,1,0,2017-09-17 21:01:01,N/A,,N/A,-395 days +00:00:00.000000000
497,,burberry fresh glow highlighter,N/A,Allure Best of Beauty 2017,N/A,0,0,1,0,2017-09-17 21:01:01,N/A,,N/A,-395 days +00:00:00.000000000
498,,la prairie skin caviar absolute filler,N/A,Allure Best of Beauty 2017,N/A,0,0,1,0,2017-09-17 21:01:01,N/A,,N/A,-395 days +00:00:00.000000000
499,,dior hydra life glow better fresh jelly mask,N/A,Allure Best of Beauty 2017,N/A,0,0,1,0,2017-09-17 21:01:01,N/A,,N/A,-395 days +00:00:00.000000000
500,,clé de peau beauté uv protective lip treatment,N/A,Allure Best of Beauty 2017,N/A,0,0,1,0,2017-09-17 21:01:01,N/A,,N/A,-395 days +00:00:00.000000000
501,,giorgio armani power fabric longwear high cover foundation,N/A,Allure Best of Beauty 2017,N/A,0,0,1,0,2017-09-17 21:01:01,N/A,,N/A,-395 days +00:00:00.000000000
502,,surratt beauty artistique face brush,N/A,Allure Best of Beauty 2017,N/A,0,0,1,0,2017-09-17 21:01:01,N/A,,N/A,-395 days +00:00:00.000000000
503,,sisley black rose cream mask,2015-06-04 12:53:52,Allure Best of Beauty 2017,1,1,0,1,0,2017-09-17 21:01:01,"-1232 days, 15:52:51",,"-1232 days, 15:52:51",-395 days +00:00:00.000000000
504,,restorsea pro firming eye serum,2017-06-25 00:08:33,Allure Best of Beauty 2017,4,1,0,1,0,2017-09-17 21:01:01,"-480 days, 3:07:32",,"-480 days, 3:07:32",-395 days +00:00:00.000000000
505,,la mer the moisturizing soft lotion,2014-12-21 15:42:41,Allure Best of Beauty 2017,5,1,0,1,0,2017-09-17 21:01:01,"-1397 days, 18:41:40",,"-1397 days, 18:41:40",-395 days +00:00:00.000000000
506,,elizabeth arden prevage city smart spf 50 hydrating shield,2018-04-18 11:56:04,Allure Best of Beauty 2017,1,1,0,1,0,2017-09-17 21:01:01,"-183 days, 14:55:03",,"-183 days, 14:55:03",-395 days +00:00:00.000000000
507,,olay ultra moisture body wash,2013-06-30 02:28:56,Allure Best of Beauty 2017,7,1,0,1,0,2017-09-17 21:01:01,"-1936 days, 5:27:55",,"-1936 days, 5:27:55",-395 days +00:00:00.000000000
508,,caress evenly gorgeous exfoliating body wash,N/A,Allure Best of Beauty 2017,N/A,0,0,1,0,2017-09-17 21:01:01,N/A,,N/A,-395 days +00:00:00.000000000
509,,murad acne body wash,2013-01-01 18:22:07,Allure Best of Beauty 2017,2,1,0,1,0,2017-09-17 21:01:01,"-2116 days, 21:21:06",,"-2116 days, 21:21:06",-395 days +00:00:00.000000000
510,,kopari coconut crush scrub,N/A,Allure Best of Beauty 2017,N/A,0,0,1,0,2017-09-17 21:01:01,N/A,,N/A,-395 days +00:00:00.000000000
511,,sheamoisture 100% tamanu oil & organic shea butter dry skin body lotion,N/A,Allure Best of Beauty 2017,N/A,0,0,1,0,2017-09-17 21:01:01,N/A,,N/A,-395 days +00:00:00.000000000
512,,le petit marseillais shea butter,N/A,Allure Best of Beauty 2017,N/A,0,0,1,0,2017-09-17 21:01:01,N/A,,N/A,-395 days +00:00:00.000000000
513,,l’occitane almond supple skin oil,N/A,Allure Best of Beauty 2017,N/A,0,0,1,0,2017-09-17 21:01:01,N/A,,N/A,-395 days +00:00:00.000000000
514,,neutrogena sheer zinc dry-touch sunscreen broad spectrum spf 50,2015-09-22 15:06:44,Allure Best of Beauty 2017,1,1,0,1,0,2017-09-17 21:01:01,"-1122 days, 18:05:43",,"-1122 days, 18:05:43",-395 days +00:00:00.000000000
515,,st. tropez self tan express bronzing mist,N/A,Allure Best of Beauty 2017,N/A,0,0,1,0,2017-09-17 21:01:01,N/A,,N/A,-395 days +00:00:00.000000000
516,,jergens natural glow daily moisturizer,2012-06-17 19:07:37,Allure Best of Beauty 2017,2,1,0,1,0,2017-09-17 21:01:01,"-2314 days, 22:06:36",,"-2314 days, 22:06:36",-395 days +00:00:00.000000000
517,,vita liberata body blur instant hd skin finish,N/A,Allure Best of Beauty 2017,N/A,0,0,1,0,2017-09-17 21:01:01,N/A,,N/A,-395 days +00:00:00.000000000
518,,neutrogena rainbath restoring shower and bath gel in fresh plum,N/A,Allure Best of Beauty 2017,N/A,0,0,1,0,2017-09-17 21:01:01,N/A,,N/A,-395 days +00:00:00.000000000
519,,jason dry spray deodorant,2015-08-29 21:32:00,Allure Best of Beauty 2017,6,1,0,1,0,2017-09-17 21:01:01,"-1145 days, 0:30:59",,"-1145 days, 0:30:59",-395 days +00:00:00.000000000
520,,dove invisible dry spray,2018-03-21 19:04:40,Allure Best of Beauty 2017,1,1,0,1,0,2017-09-17 21:01:01,"-211 days, 22:03:39",,"-211 days, 22:03:39",-395 days +00:00:00.000000000
521,,gillette venus swirl razor,2018-01-19 15:28:14,Allure Best of Beauty 2017,1,1,0,1,0,2017-09-17 21:01:01,"-272 days, 18:27:13",,"-272 days, 18:27:13",-395 days +00:00:00.000000000
522,,gillette venus with a touch of olay shave gel,N/A,Allure Best of Beauty 2017,N/A,0,0,1,0,2017-09-17 21:01:01,N/A,,N/A,-395 days +00:00:00.000000000
523,,yves saint laurent mon paris,N/A,Allure Best of Beauty 2017,N/A,0,0,1,0,2017-09-17 21:01:01,N/A,,N/A,-395 days +00:00:00.000000000
524,, gucci bloom,N/A,Allure Best of Beauty 2017,N/A,0,0,1,0,2017-09-17 21:01:01,N/A,,N/A,-395 days +00:00:00.000000000
525,,diptyque eau des sens,N/A,Allure Best of Beauty 2017,N/A,0,0,1,0,2017-09-17 21:01:01,N/A,,N/A,-395 days +00:00:00.000000000
526,,jo malone london jade leaf tea cologne,N/A,Allure Best of Beauty 2017,N/A,0,0,1,0,2017-09-17 21:01:01,N/A,,N/A,-395 days +00:00:00.000000000
527,,atelier cologne café tuberosa,N/A,Allure Best of Beauty 2017,N/A,0,0,1,0,2017-09-17 21:01:01,N/A,,N/A,-395 days +00:00:00.000000000
528,,viktor & rolf magic sage spell,N/A,Allure Best of Beauty 2017,N/A,0,0,1,0,2017-09-17 21:01:01,N/A,,N/A,-395 days +00:00:00.000000000
529,,tom ford oud minérale,N/A,Allure Best of Beauty 2017,N/A,0,0,1,0,2017-09-17 21:01:01,N/A,,N/A,-395 days +00:00:00.000000000
530,,maison francis kurkdjian aqua universalis scented hair mist,N/A,Allure Best of Beauty 2017,N/A,0,0,1,0,2017-09-17 21:01:01,N/A,,N/A,-395 days +00:00:00.000000000
531,,prada l'homme prada intense,N/A,Allure Best of Beauty 2017,N/A,0,0,1,0,2017-09-17 21:01:01,N/A,,N/A,-395 days +00:00:00.000000000
532,,d.s & durga tomb of the eagles candle,N/A,Allure Best of Beauty 2017,N/A,0,0,1,0,2017-09-17 21:01:01,N/A,,N/A,-395 days +00:00:00.000000000
533,,marc jacobs daisy,2017-10-23 23:32:02,Allure Best of Beauty 2017,1,1,0,1,0,2017-09-17 21:01:01,"-359 days, 2:31:01",,"-359 days, 2:31:01",-395 days +00:00:00.000000000
534,,calvin klein obsessed for women,N/A,Allure Best of Beauty 2017,N/A,0,0,1,0,2017-09-17 21:01:01,N/A,,N/A,-395 days +00:00:00.000000000
535,,kat von d lock-it edge foundation brush,N/A,Allure Best of Beauty 2017,N/A,0,0,1,0,2017-09-17 21:01:01,N/A,,N/A,-395 days +00:00:00.000000000
536,,kevyn aucoin duet concealer brush,N/A,Allure Best of Beauty 2017,N/A,0,0,1,0,2017-09-17 21:01:01,N/A,,N/A,-395 days +00:00:00.000000000
537,,sephora collection pro airbrush concealer 57,N/A,Allure Best of Beauty 2017,N/A,0,0,1,0,2017-09-17 21:01:01,N/A,,N/A,-395 days +00:00:00.000000000
538,,smith cosmetics 202 microliner brush,N/A,Allure Best of Beauty 2017,N/A,0,0,1,0,2017-09-17 21:01:01,N/A,,N/A,-395 days +00:00:00.000000000
539,,real techniques point xl brush,N/A,Allure Best of Beauty 2017,N/A,0,0,1,0,2017-09-17 21:01:01,N/A,,N/A,-395 days +00:00:00.000000000
540,,it cosmetics heavenly luxe french boutique blush brush #4,N/A,Allure Best of Beauty 2017,N/A,0,0,1,0,2017-09-17 21:01:01,N/A,,N/A,-395 days +00:00:00.000000000
541,,revlon contour brush,2015-02-24 19:03:27,Allure Best of Beauty 2017,7,1,0,1,0,2017-09-17 21:01:01,"-1332 days, 22:02:26",,"-1332 days, 22:02:26",-395 days +00:00:00.000000000
542,,nyx cosmetics pro contour brush,N/A,Allure Best of Beauty 2017,N/A,0,0,1,0,2017-09-17 21:01:01,N/A,,N/A,-395 days +00:00:00.000000000
543,,lancôme dual-ended fan brush 31,N/A,Allure Best of Beauty 2017,N/A,0,0,1,0,2017-09-17 21:01:01,N/A,,N/A,-395 days +00:00:00.000000000
544,,e.l.f. beautifully precise eyeshadow brush no. 201,N/A,Allure Best of Beauty 2017,N/A,0,0,1,0,2017-09-17 21:01:01,N/A,,N/A,-395 days +00:00:00.000000000
545,, smith cosmetics 202,N/A,Allure Best of Beauty 2017,N/A,0,0,1,0,2017-09-17 21:01:01,N/A,,N/A,-395 days +00:00:00.000000000
546,,anastasia beverly hills duo brush #12,2017-11-09 19:51:40,Allure Best of Beauty 2017,1,1,0,1,0,2017-09-17 21:01:01,"-343 days, 22:50:39",,"-343 days, 22:50:39",-395 days +00:00:00.000000000
547,,sephora collection pro lip brush 85,N/A,Allure Best of Beauty 2017,N/A,0,0,1,0,2017-09-17 21:01:01,N/A,,N/A,-395 days +00:00:00.000000000
548,,beautyblender original makeup sponge,N/A,Allure Best of Beauty 2017,N/A,0,0,1,0,2017-09-17 21:01:01,N/A,,N/A,-395 days +00:00:00.000000000
549,,beautyblender micro minis,N/A,Allure Best of Beauty 2017,N/A,0,0,1,0,2017-09-17 21:01:01,N/A,,N/A,-395 days +00:00:00.000000000
550,,tweezerman slant tweezer,2015-08-06 13:21:45,Allure Best of Beauty 2017,2,1,0,1,0,2017-09-17 21:01:01,"-1169 days, 16:20:44",,"-1169 days, 16:20:44",-395 days +00:00:00.000000000
551,,babylisspro rapido,N/A,Allure Best of Beauty 2017,N/A,0,0,1,0,2017-09-17 21:01:01,N/A,,N/A,-395 days +00:00:00.000000000
552,,ghd white platinum styler,N/A,Allure Best of Beauty 2017,N/A,0,0,1,0,2017-09-17 21:01:01,N/A,,N/A,-395 days +00:00:00.000000000
553,,t3 whirl trio interchangeable styling wand,N/A,Allure Best of Beauty 2017,N/A,0,0,1,0,2017-09-17 21:01:01,N/A,,N/A,-395 days +00:00:00.000000000
554,,tangle teezer blow-styling round tool,N/A,Allure Best of Beauty 2017,N/A,0,0,1,0,2017-09-17 21:01:01,N/A,,N/A,-395 days +00:00:00.000000000
555,,christophe robin hairbrush,N/A,Allure Best of Beauty 2017,N/A,0,0,1,0,2017-09-17 21:01:01,N/A,,N/A,-395 days +00:00:00.000000000
556,,wet brush shower flex,N/A,Allure Best of Beauty 2017,N/A,0,0,1,0,2017-09-17 21:01:01,N/A,,N/A,-395 days +00:00:00.000000000
557,,neutrogena light therapy acne mask,2018-10-04 13:40:22,Allure Best of Beauty 2017,1,1,0,1,0,2017-09-17 21:01:01,"-14 days, 16:39:21",,"-14 days, 16:39:21",-395 days +00:00:00.000000000
558,,beauty bioscience glopro,N/A,Allure Best of Beauty 2017,N/A,0,0,1,0,2017-09-17 21:01:01,N/A,,N/A,-395 days +00:00:00.000000000
559,,tweezerman procurl lash curler,N/A,Allure Best of Beauty 2017,N/A,0,0,1,0,2017-09-17 21:01:01,N/A,,N/A,-395 days +00:00:00.000000000
560,,kiss lash couture faux mink collection in little black dress,N/A,Allure Best of Beauty 2017,N/A,0,0,1,0,2017-09-17 21:01:01,N/A,,N/A,-395 days +00:00:00.000000000
561,,tarte tarteist pro lash adhesive,N/A,Allure Best of Beauty 2017,N/A,0,0,1,0,2017-09-17 21:01:01,N/A,,N/A,-395 days +00:00:00.000000000
562,,chanel gitane is red polish perfection,N/A,Allure Best of Beauty 2017,N/A,0,0,1,0,2017-09-17 21:01:01,N/A,,N/A,-395 days +00:00:00.000000000
563,,essie nail polish in fifth avenue,N/A,Allure Best of Beauty 2017,N/A,0,0,1,0,2017-09-17 21:01:01,N/A,,N/A,-395 days +00:00:00.000000000
564,,sally hansen complete salon manicure in pink a card,N/A,Allure Best of Beauty 2017,N/A,0,0,1,0,2017-09-17 21:01:01,N/A,,N/A,-395 days +00:00:00.000000000
565,,smith & cult nail polish in ghost edit,N/A,Allure Best of Beauty 2017,N/A,0,0,1,0,2017-09-17 21:01:01,N/A,,N/A,-395 days +00:00:00.000000000
566,,opi infinite shine 2 long-wear lacquer in coconuts over opi,N/A,Allure Best of Beauty 2017,N/A,0,0,1,0,2017-09-17 21:01:01,N/A,,N/A,-395 days +00:00:00.000000000
567,,jinsoon nail polish in beau,N/A,Allure Best of Beauty 2017,N/A,0,0,1,0,2017-09-17 21:01:01,N/A,,N/A,-395 days +00:00:00.000000000
568,,sally hansen color therapy nail polish in cool cucumber,N/A,Allure Best of Beauty 2017,N/A,0,0,1,0,2017-09-17 21:01:01,N/A,,N/A,-395 days +00:00:00.000000000
569,,marc jacobs beauty enamored hi-shine nail polish in petra,N/A,Allure Best of Beauty 2017,N/A,0,0,1,0,2017-09-17 21:01:01,N/A,,N/A,-395 days +00:00:00.000000000
570,,sally hansen miracle gel,2018-05-12 10:55:01,Allure Best of Beauty 2017,1,1,0,1,0,2017-09-17 21:01:01,"-159 days, 13:54:00",,"-159 days, 13:54:00",-395 days +00:00:00.000000000
571,,zoya naked manicure nail base,N/A,Allure Best of Beauty 2017,N/A,0,0,1,0,2017-09-17 21:01:01,N/A,,N/A,-395 days +00:00:00.000000000
572,,essie gel setter top coat,N/A,Allure Best of Beauty 2017,N/A,0,0,1,0,2017-09-17 21:01:01,N/A,,N/A,-395 days +00:00:00.000000000
573,,deborah lippmann the cure,N/A,Allure Best of Beauty 2017,N/A,0,0,1,0,2017-09-17 21:01:01,N/A,,N/A,-395 days +00:00:00.000000000
574,,cutex swipe & go nail polish remover pads,N/A,Allure Best of Beauty 2017,N/A,0,0,1,0,2017-09-17 21:01:01,N/A,,N/A,-395 days +00:00:00.000000000
575,,supergoop forever young hand cream spf 40,2014-12-10 14:40:39,Allure Best of Beauty 2017,3,1,0,1,0,2017-09-17 21:01:01,"-1408 days, 17:39:38",,"-1408 days, 17:39:38",-395 days +00:00:00.000000000
576,,the body shop almond milk and honey hand cream,2013-09-25 06:10:18,Allure Best of Beauty 2017,2,1,0,1,0,2017-09-17 21:01:01,"-1849 days, 9:09:17",,"-1849 days, 9:09:17",-395 days +00:00:00.000000000
577,2018-01-31 01:01:01,lord jones all natural old fashioned high cbd gumdrops,N/A,ITG,N/A,0,0,0,1,,N/A,,N/A,
578,2018-01-31 01:01:01,augustinus bader the cream,N/A,ITG,N/A,0,0,0,1,,N/A,,N/A,
579,2018-01-31 01:01:01,l'oréal voluminous feline mascara,N/A,ITG,N/A,0,0,0,1,,N/A,,N/A,
580,2018-01-31 01:01:01,ole henriksen banana bright eye crème,2018-04-05 21:02:28,ITG,1,1,0,0,1,,"-195 days, 0:01:27",,"-195 days, 0:01:27",
581,2018-01-31 01:01:01,ysl tatouage couture matte stain in 7,N/A,ITG,N/A,0,0,0,1,,N/A,,N/A,
582,2018-01-31 01:01:01,dr. jart+ cicapair tiger grass re.pair serum,2017-12-07 18:56:37,ITG,1,1,0,0,1,,"-315 days, 21:55:36",,"-315 days, 21:55:36",
583,2018-01-31 01:01:01,vernon francois braids & locs spray,N/A,ITG,N/A,0,0,0,1,,N/A,,N/A,
584,2018-01-31 01:01:01,chanel lip balm and powder duo,N/A,ITG,N/A,0,0,0,1,,N/A,,N/A,
585,2018-02-28 01:01:01,ghd gold professional performance flat iron,N/A,ITG,N/A,0,0,0,1,,N/A,,N/A,
586,2018-02-28 01:01:01,biossance micronutrient fine mist (out on march 1),N/A,ITG,N/A,0,0,0,1,,N/A,,N/A,
587,2018-02-28 01:01:01,noto multi benne stain in ono ono,N/A,ITG,N/A,0,0,0,1,,N/A,,N/A,
588,2018-02-28 01:01:01,cane & austin retexturize lotion,N/A,ITG,N/A,0,0,0,1,,N/A,,N/A,
589,2018-02-28 01:01:01,sisley black rose cream mask,2015-06-04 12:53:52,ITG,1,1,0,0,1,,"-1232 days, 15:52:51",,"-1232 days, 15:52:51",
590,2018-02-28 01:01:01,biologique recherche complexe iribiol,2018-02-22 16:16:22,ITG,1,1,0,0,1,,"-238 days, 19:15:21",,"-238 days, 19:15:21",
591,2018-02-28 01:01:01,dhc double protection mascara,N/A,ITG,N/A,0,0,0,1,,N/A,,N/A,
592,2018-02-28 01:01:01,erborian yuza double lotion,2017-01-28 22:03:57,ITG,18,1,0,0,1,,"-627 days, 1:02:56",,"-627 days, 1:02:56",
593,2018-03-31 01:01:01,de mamiel intense nurture antioxidant elixir,2018-05-01 19:24:47,ITG,1,1,0,0,1,,"-170 days, 22:23:46",,"-170 days, 22:23:46",
594,2018-03-31 01:01:01,source naturals colloidal silver,N/A,ITG,N/A,0,0,0,1,,N/A,,N/A,
595,2018-03-31 01:01:01,joanna vargas daily serum,2018-06-25 02:42:11,ITG,1,1,0,0,1,,"-115 days, 5:41:10",,"-115 days, 5:41:10",
596,2018-03-31 01:01:01,everything french pharmacy,2014-04-07 14:28:53,ITG,2,1,0,0,1,,"-1655 days, 17:27:52",,"-1655 days, 17:27:52",
597,2018-03-31 01:01:01,tylenol,2012-08-16 03:11:59,ITG,3,1,0,0,1,,"-2254 days, 6:10:58",,"-2254 days, 6:10:58",
598,2018-03-31 01:01:01,farmacy honey drop lightweight moisturizer,2017-08-20 13:08:28,ITG,1,1,0,0,1,,"-424 days, 16:07:27",,"-424 days, 16:07:27",
599,2018-03-31 01:01:01,koh gen do brightening moisture mask,N/A,ITG,N/A,0,0,0,1,,N/A,,N/A,
600,2018-04-30 01:01:01,byredo bibliothèque room spray,N/A,ITG,N/A,0,0,0,1,,N/A,,N/A,
601,2018-04-30 01:01:01,thayer's alcohol free witch hazel toner,2018-10-04 11:46:46,ITG,1,1,0,0,1,,"-14 days, 14:45:45",,"-14 days, 14:45:45",
602,2018-04-30 01:01:01,sunday riley good genes lactic acid treatment,2014-05-07 12:32:25,ITG,2,1,0,0,1,,"-1625 days, 15:31:24",,"-1625 days, 15:31:24",
603,2018-04-30 01:01:01,diptyque eau rose hair mist,N/A,ITG,N/A,0,0,0,1,,N/A,,N/A,
604,2018-04-30 01:01:01,jason markk repel spray,N/A,ITG,N/A,0,0,0,1,,N/A,,N/A,
605,2018-04-30 01:01:01,foreo luna mini,2014-02-03 16:49:21,ITG,1,1,0,0,1,,"-1718 days, 19:48:20",,"-1718 days, 19:48:20",
606,2018-04-30 01:01:01,milani matte lipstick + pat mcgrath gloss,N/A,ITG,N/A,0,0,0,1,,N/A,,N/A,
607,2018-04-30 01:01:01,laura mercier matte bronzing powder,N/A,ITG,N/A,0,0,0,1,,N/A,,N/A,
608,2018-05-31 01:01:01,paula's choice 1% retinol booster,2014-03-28 11:29:51,ITG,2,1,0,0,1,,"-1665 days, 14:28:50",,"-1665 days, 14:28:50",
609,2018-05-31 01:01:01,la roche posay effaclar medicated gel cleanser,2015-02-03 18:46:11,ITG,2,1,0,0,1,,"-1353 days, 21:45:10",,"-1353 days, 21:45:10",
610,2018-05-31 01:01:01,dr. barbara sturm baby & kids body cream,N/A,ITG,N/A,0,0,0,1,,N/A,,N/A,
611,2018-05-31 01:01:01,supergoop super power sunscreen mousse,2018-01-19 11:42:17,ITG,1,1,0,0,1,,"-272 days, 14:41:16",,"-272 days, 14:41:16",
612,2018-05-31 01:01:01,regime des fleurs freeworld parfum,N/A,ITG,N/A,0,0,0,1,,N/A,,N/A,
613,2018-05-31 01:01:01,ysl rouge volupté shine oil-in-stick in red in the dark,N/A,ITG,N/A,0,0,0,1,,N/A,,N/A,
614,2018-05-31 01:01:01,tenoverten summer trio,N/A,ITG,N/A,0,0,0,1,,N/A,,N/A,
615,2018-05-31 01:01:01,& other stories marble blush in coquille heat,N/A,ITG,N/A,0,0,0,1,,N/A,,N/A,
616,2018-06-30 01:01:01,marulaoil rare oil perfecting hairspray,N/A,ITG,N/A,0,0,0,1,,N/A,,N/A,
617,2018-06-30 01:01:01,lemonhead spacepaste,N/A,ITG,N/A,0,0,0,1,,N/A,,N/A,
618,2018-06-30 01:01:01,bastide rose olivier provence bar soap,N/A,ITG,N/A,0,0,0,1,,N/A,,N/A,
619,2018-06-30 01:01:01,cloud paint in dawn,N/A,ITG,N/A,0,0,0,1,,N/A,,N/A,
620,2018-06-30 01:01:01,avène tolérance extrême cleansing lotion,2018-02-05 05:59:47,ITG,1,1,0,0,1,,"-255 days, 8:58:46",,"-255 days, 8:58:46",
621,2018-06-30 01:01:01,dr. jart porecting solution,2017-08-18 18:51:05,ITG,1,1,0,0,1,,"-426 days, 21:50:04",,"-426 days, 21:50:04",
622,2018-06-30 01:01:01,flesh thickstick foundation in toffee,N/A,ITG,N/A,0,0,0,1,,N/A,,N/A,
623,2018-06-30 01:01:01,la roche-posay lipikar lotion,2012-09-23 12:20:45,ITG,3,1,0,0,1,,"-2216 days, 15:19:44",,"-2216 days, 15:19:44",
624,2018-07-31 01:01:01,frederic malle signature travel case,N/A,ITG,N/A,0,0,0,1,,N/A,,N/A,
625,2018-07-31 01:01:01,renée rouleau redness care serum,2018-10-03 13:25:06,ITG,1,1,0,0,1,,"-15 days, 16:24:05",,"-15 days, 16:24:05",
626,2018-07-31 01:01:01,eminence calm skin arnica masque,2016-12-04 20:58:23,ITG,2,1,0,0,1,,"-683 days, 23:57:22",,"-683 days, 23:57:22",
627,2018-07-31 01:01:01,bioderma sensibio deo anti-perspirant,N/A,ITG,N/A,0,0,0,1,,N/A,,N/A,
628,2018-07-31 01:01:01,stratia liquid gold,2016-07-03 11:17:13,ITG,10,1,0,0,1,,"-837 days, 14:16:12",,"-837 days, 14:16:12",
629,2018-07-31 01:01:01,kimiko super fine eyebrow pencil in coffee,N/A,ITG,N/A,0,0,0,1,,N/A,,N/A,
630,2018-07-31 01:01:01,donni silk chiquita scrunchie,N/A,ITG,N/A,0,0,0,1,,N/A,,N/A,
631,2018-07-31 01:01:01,paula's choice hyaluronic acid booster,2013-12-09 16:47:31,ITG,2,1,0,0,1,,"-1774 days, 19:46:30",,"-1774 days, 19:46:30",
632,2018-07-31 01:01:01,dr. sturm glow drops,N/A,ITG,N/A,0,0,0,1,,N/A,,N/A,
633,2018-07-31 01:01:01,snail bee high content mask pack,2013-11-14 11:27:36,ITG,1,1,0,0,1,,"-1799 days, 14:26:35",,"-1799 days, 14:26:35",
634,2018-08-31 01:01:01,environ sun care sunscreen spf 25,N/A,ITG,N/A,0,0,0,1,,N/A,,N/A,
635,2018-08-31 01:01:01,revlon glow gelee in moon glow,N/A,ITG,N/A,0,0,0,1,,N/A,,N/A,
636,2018-08-31 01:01:01,diptyque figuier scented oval,N/A,ITG,N/A,0,0,0,1,,N/A,,N/A,
637,2018-08-31 01:01:01,dior rouge blush in actrice,N/A,ITG,N/A,0,0,0,1,,N/A,,N/A,
638,2018-08-31 01:01:01,rohto melano cc,2016-10-29 05:11:59,ITG,3,1,0,0,1,,"-719 days, 8:10:58",,"-719 days, 8:10:58",
639,2018-08-31 01:01:01,bebé zartrosé lip balm,N/A,ITG,N/A,0,0,0,1,,N/A,,N/A,
640,2018-08-31 01:01:01,paula's choice 10% azelaic acid booster,2014-09-22 12:16:28,ITG,1,1,0,0,1,,"-1487 days, 15:15:27",,"-1487 days, 15:15:27",
641,2018-08-31 01:01:01,regime des fleurs testers from the 'personal/space' + 'pour tous' collections,N/A,ITG,N/A,0,0,0,1,,N/A,,N/A,
642,2018-08-31 01:01:01,laura mercier secret concealer,2013-04-20 18:49:08,ITG,9,1,0,0,1,,"-2007 days, 21:48:07",,"-2007 days, 21:48:07",
643,2018-08-31 01:01:01,ritual essential vitamins,2018-03-08 07:28:17,ITG,1,1,0,0,1,,"-224 days, 10:27:16",,"-224 days, 10:27:16",
644,2018-09-30 01:01:01,bumble and bumble surf spray,N/A,ITG,N/A,0,0,0,1,,N/A,,N/A,
645,2018-09-30 01:01:01,megababe rosy pits daily deodorant,N/A,ITG,N/A,0,0,0,1,,N/A,,N/A,
646,2018-09-30 01:01:01,revitalash,2014-03-27 18:56:04,ITG,1,1,0,0,1,,"-1666 days, 21:55:03",,"-1666 days, 21:55:03",
647,2018-09-30 01:01:01,biologique recherche silk plus serum,N/A,ITG,N/A,0,0,0,1,,N/A,,N/A,
648,2018-09-30 01:01:01,agent nateur holi (oil) youth body serum,N/A,ITG,N/A,0,0,0,1,,N/A,,N/A,
649,2018-09-30 01:01:01,make marine lip repair,2018-04-22 12:54:11,ITG,1,1,0,0,1,,"-179 days, 15:53:10",,"-179 days, 15:53:10",
650,2018-09-30 01:01:01,glossier boy brow in black,2017-02-13 02:08:27,ITG,1,1,0,0,1,,"-612 days, 5:07:26",,"-612 days, 5:07:26",
651,2018-09-30 01:01:01,charlotte tilbury cheek to chic in pillow talk,N/A,ITG,N/A,0,0,0,1,,N/A,,N/A,
652,2018-09-30 01:01:01,nars natural radiant longwear foundation,2018-03-20 21:52:16,ITG,1,1,0,0,1,,"-211 days, 0:51:15",,"-211 days, 0:51:15",
653,2018-09-30 01:01:01,dior diorshow on stage liner in matte yellow,N/A,ITG,N/A,0,0,0,1,,N/A,,N/A,
654,2018-09-30 01:01:01,the ordinary natural moisturizing factors + ha,2016-10-08 21:38:01,ITG,1,1,0,0,1,,"-739 days, 0:37:00",,"-739 days, 0:37:00",
