,Product Name,Reddit Posting Date,Upvotes,Source
0,dr. jart+ mask heroes face savers,N/A,N/A,Sephora New Combo
1,moon juice beauty shroom vegan collagen protection,N/A,N/A,Sephora New Combo
2,moon juice beauty shroom exfoliating acid potion,N/A,N/A,Sephora New Combo
3,sephora collection face mask magic,N/A,N/A,Sephora New Combo
4,laneige kiss and make up set,2018-09-30 01:50:52,1,Sephora New Combo
5,drunk elephant agent ellie day kit,N/A,N/A,Sephora New Combo
6,olehenriksen glow cycle retin-alt power serum,N/A,N/A,Sephora New Combo
7,welleco the super elixir,2018-10-08 16:59:59,1,Sephora New Combo
8,la mer merry little miracles,N/A,N/A,Sephora New Combo
9,drunk elephant inspector drunk night kit,N/A,N/A,Sephora New Combo
10,sol de janeiro bum bum carnaval extravaganza,N/A,N/A,Sephora New Combo
11,tatcha skincare for makeup lovers obento box,N/A,N/A,Sephora New Combo
12,fresh sugar jetsetter,N/A,N/A,Sephora New Combo
13,olehenriksen glow brightly - radiance-boosting super set,N/A,N/A,Sephora New Combo
14,farmacy honeymoon glow aha resurfacing night serum with echinacea greenenvy,N/A,N/A,Sephora New Combo
15,drunk elephant the big reveal kit,N/A,N/A,Sephora New Combo
16,herbivore jade facial roller,2018-03-04 21:26:56,1,Sephora New Combo
17,summer fridays overtime mask,2018-09-16 13:50:41,1,Sephora New Combo
18,fresh sky high-dration,N/A,N/A,Sephora New Combo
19,sunday riley good genes holiday kit,N/A,N/A,Sephora New Combo
20,fresh destination sugar,N/A,N/A,Sephora New Combo
21,algenist secrets of algae kit,N/A,N/A,Sephora New Combo
22,peter thomas roth mask frenzy,2018-09-30 05:11:04,1,Sephora New Combo
23,olehenriksen goodnight glow retin-alt sleeping crème,N/A,N/A,Sephora New Combo
24,kiehl's since 1851 brighten up & glow,N/A,N/A,Sephora New Combo
25,caudalie brightening heroes,N/A,N/A,Sephora New Combo
26,laneige sleep and glow set,2018-07-11 12:34:40,1,Sephora New Combo
27,origins our best of the best,2012-12-18 11:01:26,1,Sephora New Combo
28,"fresh ready, set, firm",N/A,N/A,Sephora New Combo
29,tatcha bestsellers set,2018-03-21 17:06:19,1,Sephora New Combo
30,shiseido everyday protection essentials,N/A,N/A,Sephora New Combo
31,first aid beauty skin summit,2018-09-27 08:05:54,1,Sephora New Combo
32,fresh mask for miles,N/A,N/A,Sephora New Combo
33,clarisonic mia smart 3-in-1 connected sonic beauty device,N/A,N/A,Sephora New Combo
34,kiehl's since 1851 bright delights,N/A,N/A,Sephora New Combo
35,drunk elephant rescue party kit,N/A,N/A,Sephora New Combo
36,tatcha pore-perfecting moisturizer & cleanser duo,2018-04-26 11:06:29,1,Sephora New Combo
37,belif merry merry moisturizers,N/A,N/A,Sephora New Combo
38,clinique go-to glow set,2016-12-18 23:18:57,1,Sephora New Combo
39,lancôme lancôme holiday favorites,N/A,N/A,Sephora New Combo
40,sand & sky australian pink clay porefining face mask,N/A,N/A,Sephora New Combo
41,it cosmetics it's your life-changing skincare secret,N/A,N/A,Sephora New Combo
42,dr. jart+ superheroes skin transformers,N/A,N/A,Sephora New Combo
43,glow recipe limited edition watermelon jelly tote set,N/A,N/A,Sephora New Combo
44,olehenriksen sauna glow - warming-cooling scrub & mask set,N/A,N/A,Sephora New Combo
45,glow recipe blueberry bounce gentle cleanser,2018-02-11 19:39:35,1,Sephora New Combo
46,drunk elephant the trunk,2017-11-01 19:22:12,1,Sephora New Combo
47,caudalie natural hydrating heroes,N/A,N/A,Sephora New Combo
48,kate somerville radically radiant,N/A,N/A,Sephora New Combo
49,caudalie caudalie beauty secrets,N/A,N/A,Sephora New Combo
50,dr. jart+ ceramidin cream,2014-03-02 10:51:16,16,Sephora New Combo
51,caudalie ultimate anti-aging trio,N/A,N/A,Sephora New Combo
52,dr. dennis gross skincare c me sparkle,N/A,N/A,Sephora New Combo
53,glamglow the superstar set,N/A,N/A,Sephora New Combo
54,play! by sephora play! smarts: k-beauty: skin innovation,N/A,N/A,Sephora New Combo
55,sunday riley cleanse & detox aha/bha kit,N/A,N/A,Sephora New Combo
56,drunk elephant out of office,2017-04-26 01:27:04,1,Sephora New Combo
57,"origins hello, calm relaxing & hydrating face mask with cannabis sativa seed oil",N/A,N/A,Sephora New Combo
58,sunday riley flash fix kit,2018-01-04 08:33:24,1,Sephora New Combo
59,farmacy cream of the crop,N/A,N/A,Sephora New Combo
60,dr. jart+ holiday fantasy cera never runs dry,N/A,N/A,Sephora New Combo
61,play! by sephora play! smarts: skincare by age: 40s,N/A,N/A,Sephora New Combo
62,fresh roundtrip ritual,N/A,N/A,Sephora New Combo
63,ren clean skincare evercalm overnight recovery balm,N/A,N/A,Sephora New Combo
64,charlotte tilbury charlotte's magic cream,N/A,N/A,Sephora New Combo
65,fresh nonstop radiance,N/A,N/A,Sephora New Combo
66,amorepacific 12 days of essential beauty,N/A,N/A,Sephora New Combo
67,saturday skin starlight bright,N/A,N/A,Sephora New Combo
68,"josie maran be love, give love argan firm + nourish power duo",N/A,N/A,Sephora New Combo
69,sephora collection this is coco-nuts! set,N/A,N/A,Sephora New Combo
70,fresh facial on the fly,N/A,N/A,Sephora New Combo
71,fresh sugar carry-on,2013-09-23 16:23:32,1,Sephora New Combo
72,biossance squalane + omega repair cream,N/A,N/A,Sephora New Combo
73,charlotte tilbury the gift of magic skin mini skincare trio,N/A,N/A,Sephora New Combo
74,peter thomas roth get drenched!,N/A,N/A,Sephora New Combo
75,it cosmetics it's time to celebrate you!,N/A,N/A,Sephora New Combo
76,kate somerville +retinol vita c power serum,N/A,N/A,Sephora New Combo
77,charlotte tilbury charlotte's magic cream mini,N/A,N/A,Sephora New Combo
78,caudalie mini mask trio,2015-11-25 12:42:13,5,Sephora New Combo
79,origins mini mask musts,N/A,N/A,Sephora New Combo
80,shiseido best sellers set,N/A,N/A,Sephora New Combo
81,dr. dennis gross skincare dew holiday right,N/A,N/A,Sephora New Combo
82,tata harper let there be light,N/A,N/A,Sephora New Combo
83,murad active retinol renewal kit,N/A,N/A,Sephora New Combo
84,tarte party prep set,N/A,N/A,Sephora New Combo
85,sk-ii facial treatment essence karan singh limited edition,N/A,N/A,Sephora New Combo
86,sand & sky australian pink clay flash perfection exfoliating treatment,N/A,N/A,Sephora New Combo
87,youth to the people super glow hydration duo,N/A,N/A,Sephora New Combo
88,private doctor minus serum,N/A,N/A,Sephora New Combo
89,nuface gold mini express skin toning collection,N/A,N/A,Sephora New Combo
90,eve lom decadent cleanser gift set,N/A,N/A,Sephora New Combo
91,sunday riley ceramic slip cleanser,2015-03-26 03:53:58,1,Sephora New Combo
92,peace out peace out favorites,2018-01-11 19:40:05,1,Sephora New Combo
93,sephora collection crazy for clay!,2017-12-15 20:04:20,1,Sephora New Combo
94,wander beauty baggage claim rose gold eye masks,N/A,N/A,Sephora New Combo
95,welleco the super elixir refill,N/A,N/A,Sephora New Combo
96,la mer treatment lotion hydrating mask,2017-01-30 14:25:04,2,Sephora New Combo
97,fresh frequent flyer,N/A,N/A,Sephora New Combo
98,glamglow the problem solver set,N/A,N/A,Sephora New Combo
99,l'occitane holiday hand cream trio,N/A,N/A,Sephora New Combo
100,skin inc supplement bar optimizer voyage tri-light rose gold holiday set,N/A,N/A,Sephora New Combo
101,welleco the nourishing protein,N/A,N/A,Sephora New Combo
102,dr. jart+ cicapair friends skin soothers,2018-09-30 01:50:52,1,Sephora New Combo
103,eve lom the award winners,2015-11-25 12:42:13,5,Sephora New Combo
104,dr. dennis gross skincare hyaluronic marine collagen lip cushion,N/A,N/A,Sephora New Combo
105,clarisonic clear skin stocking stuffer,N/A,N/A,Sephora New Combo
106,murad revitalixir recovery serum,N/A,N/A,Sephora New Combo
107,welleco the super elixir travel set,N/A,N/A,Sephora New Combo
108,blithe gold apricot pressed serum,2018-01-16 20:56:03,1,Sephora New Combo
109,glow recipe watermelon pink juice moisturizer mini,N/A,N/A,Sephora New Combo
110,herbivore rosewater hydration trio,N/A,N/A,Sephora New Combo
111,lancôme advanced génifique youth activating serum duo,N/A,N/A,Sephora New Combo
112,clarisonic makeup blending stocking stuffer,N/A,N/A,Sephora New Combo
113,lancôme purifying & comforting duo,N/A,N/A,Sephora New Combo
114,blithe inbetween hydro priming cream,N/A,N/A,Sephora New Combo
115,j.one haart mermaid glow color lip balm,N/A,N/A,Sephora New Combo
116,welleco sleep welle fortified calming tea refill,N/A,N/A,Sephora New Combo
117,herbivore self love bath + body ritual kit,N/A,N/A,Sephora New Combo
118,eve lom radiance transforming mask,N/A,N/A,Sephora New Combo
119,blithe inbetween instant glowing cream,N/A,N/A,Sephora New Combo
120,welleco the nourishing protein travel set,N/A,N/A,Sephora New Combo
121,blithe inbetween makeup prep essence,N/A,N/A,Sephora New Combo
122,estée lauder protect + hydrate keep glowing with powerful protection and 24-hour hydration,N/A,N/A,Sephora New Combo
123,lancôme lifting & firming duo,N/A,N/A,Sephora New Combo
124,lancôme holiday nice list,2018-02-17 10:31:24,1,Sephora New Combo
125,welleco sleep welle fortified calming tea,N/A,N/A,Sephora New Combo
126,lancôme cleansing & clarifying duo,N/A,N/A,Sephora New Combo
127,clarisonic mia smart cleanse & uplift holiday gift set,N/A,N/A,Sephora New Combo
128,fresh sugar sweetcase,N/A,N/A,Sephora New Combo
129,l'occitane holiday crackers set,N/A,N/A,Sephora New Combo
130,korres wild rose radiance,2013-02-01 21:48:52,2,Sephora New Combo
131,ren clean skincare stop being so sensitive,N/A,N/A,Sephora New Combo
132,glamglow paint the town set,N/A,N/A,Sephora New Combo
133,kiehl's since 1851 collection for a cause,N/A,N/A,Sephora New Combo
134,tarte mermaid staycation,N/A,N/A,Sephora New Combo
135,play! by sephora play! smarts: skincare by age: 50s+,N/A,N/A,Sephora New Combo
136,"estée lauder repair and renew for radiant, youthful - looking skin",N/A,N/A,Sephora New Combo
137,murad the ultimate glow-to's,N/A,N/A,Sephora New Combo
138,sephora collection glitter & chill cooling mask,N/A,N/A,Sephora New Combo
139,"dr. jart+ maskapalooza! every mask, every concern",N/A,N/A,Sephora New Combo
140,glamglow bubblesheet oxygenating deep cleanse mask - breast cancer awareness edition,N/A,N/A,Sephora New Combo
141,boscia dig deep - the charcoal skin kit,N/A,N/A,Sephora New Combo
142,caudalie urban skin essentials,N/A,N/A,Sephora New Combo
143,belif winter waterdrop kit,N/A,N/A,Sephora New Combo
144,hum nutrition the sweetest thing,N/A,N/A,Sephora New Combo
145,dr. jart+ ceramidin liquid,2014-05-10 00:46:10,1,Sephora New Combo
146,first aid beauty priming paradise,N/A,N/A,Sephora New Combo
147,boscia good clean fun - powered by plants skin kit,N/A,N/A,Sephora New Combo
148,bioeffect egf serum,2018-03-15 19:30:13,1,Sephora New Combo
149,fresh vitamin c antioxidant glow face mist,N/A,N/A,Sephora New Combo
150,biossance love your face,2017-12-06 11:09:11,1,Sephora New Combo
151,sephora collection supermask - the golden mask,N/A,N/A,Sephora New Combo
152,glamglow tropicalcleanse daily exfoliating cleaner,N/A,N/A,Sephora New Combo
153,"estée lauder revitalize + glow for firmer, youthful-looking skin",N/A,N/A,Sephora New Combo
154,peter thomas roth mask appeal,N/A,N/A,Sephora New Combo
155,origins high-potency night-a-mins resurfacing cream with fruit-derived ahas,N/A,N/A,Sephora New Combo
156,fresh sugar wonder drops lip primer,N/A,N/A,Sephora New Combo
157,glamglow hydration dream team set,N/A,N/A,Sephora New Combo
158,first aid beauty clean canyon,N/A,N/A,Sephora New Combo
159,laneige fresh calming mousse moisturizer,N/A,N/A,Sephora New Combo
160,l'occitane holiday hand cream 5-piece set,N/A,N/A,Sephora New Combo
161,dior capture dreamskin fresh & perfect cushion broad spectrum spf 50,N/A,N/A,Sephora New Combo
162,kiehl's since 1851 merry masking,N/A,N/A,Sephora New Combo
163,amorepacific bamboo me beautiful,N/A,N/A,Sephora New Combo
164,laneige fresh calming toner,N/A,N/A,Sephora New Combo
165,l'occitane shea butter travel duo,N/A,N/A,Sephora New Combo
166,kiehl's since 1851 youth dose eye treatment,N/A,N/A,Sephora New Combo
167,l'occitane holiday almond ornament,N/A,N/A,Sephora New Combo
168,origins winter skin soothers,N/A,N/A,Sephora New Combo
169,clarisonic poreless skin holiday gift set: mia smart x kiehl's,N/A,N/A,Sephora New Combo
170,biossance squalane + glycolic renewal facial,2018-09-25 01:01:01,1,Sephora New Combo
171,first aid beauty hydration harbor,N/A,N/A,Sephora New Combo
172,tata harper resurfacing mask limited edition,2016-12-03 23:49:43,2,Sephora New Combo
173,kate somerville kate's mini must haves,N/A,N/A,Sephora New Combo
174,kiehl's since 1851 power-packed essentials,N/A,N/A,Sephora New Combo
175,dr. dennis gross skincare spectralite faceware pro,N/A,N/A,Sephora New Combo
176,boscia the future is female peppermint blotting linens,N/A,N/A,Sephora New Combo
177,kopari beauty besties,N/A,N/A,Sephora New Combo
178,josie maran soul sisters pure argan hydration duo,N/A,N/A,Sephora New Combo
179,clinique limited edition dramatically different moisturizing gel,N/A,N/A,Sephora New Combo
180,glamglow forget the filter set,N/A,N/A,Sephora New Combo
181,belif aqua bomb mist,2016-10-05 10:40:09,1,Sephora New Combo
182,clarisonic mia smart cleanse and blend holiday gift set,N/A,N/A,Sephora New Combo
183,dr. brandt skincare no filter needed kit,N/A,N/A,Sephora New Combo
184,kate somerville dermal quench wrinkle warrior,N/A,N/A,Sephora New Combo
185,sephora collection experiential masks set,N/A,N/A,Sephora New Combo
186,clinique limited edition dramatically different moisturizing lotion+,N/A,N/A,Sephora New Combo
187,foreo ufo,2017-12-07 12:15:06,1,Sephora New Combo
188,sephora collection hand mask - avocado,2018-03-02 19:52:17,1,Sephora New Combo
189,lancer skincare heroes,N/A,N/A,Sephora New Combo
190,play! by sephora play! smarts: skincare by age: 30s,N/A,N/A,Sephora New Combo
191,dr. dennis gross skincare peel vault,N/A,N/A,Sephora New Combo
192,clinique nighttime tlc,N/A,N/A,Sephora New Combo
193,korres greek beauty sleep,N/A,N/A,Sephora New Combo
194,kiehl's since 1851 mighty moisture,N/A,N/A,Sephora New Combo
195,dior one essential holiday set,N/A,N/A,Sephora New Combo
196,l'occitane holiday almond home & away set,N/A,N/A,Sephora New Combo
197,caudalie on the glow french faves,N/A,N/A,Sephora New Combo
198,"peter thomas roth jet, set, facial",N/A,N/A,Sephora New Combo
199,indie lee discovery kit,N/A,N/A,Sephora New Combo
200,milk makeup meet the fam milk bestsellers set,N/A,N/A,Sephora New Combo
201,beautyblender sweet indulgence set,N/A,N/A,Sephora New Combo
202,becca shimmering skin perfector pressed highlighter mini macaron set,N/A,N/A,Sephora New Combo
203,too faced the sweet smell of christmas-mini melted liquid lipstick set,N/A,N/A,Sephora New Combo
204,anastasia beverly hills sultry eyeshadow palette,N/A,N/A,Sephora New Combo
205,fenty beauty by rihanna killawatt foil freestyle highlighter palette,N/A,N/A,Sephora New Combo
206,sephora favorites holiday perfume sampler,N/A,N/A,Sephora New Combo
207,nars little fetishes orgasm lip and blush set,N/A,N/A,Sephora New Combo
208,fenty beauty by rihanna metallic eye + lip crayon set,N/A,N/A,Sephora New Combo
209,dyson airwrap styler,N/A,N/A,Sephora New Combo
210,nars hot tryst cheek palette,N/A,N/A,Sephora New Combo
211,hourglass confession refillable lipstick duo,N/A,N/A,Sephora New Combo
212,sephora collection once upon a castle advent calendar,N/A,N/A,Sephora New Combo
213,miu miu l'eau rosee mini gift set,N/A,N/A,Sephora New Combo
214,charlotte tilbury stars in your eyes eyshadow palette,N/A,N/A,Sephora New Combo
215,fenty beauty by rihanna frosted metal lipstick set,N/A,N/A,Sephora New Combo
216,hourglass confession refillable lipstick set,N/A,N/A,Sephora New Combo
217,dior joy by dior,N/A,N/A,Sephora New Combo
218,anastasia beverly hills lip gloss set mini,N/A,N/A,Sephora New Combo
219,fenty beauty by rihanna pro filt'r complexion essentials,N/A,N/A,Sephora New Combo
220,ghd platinum+ professional performance 1\,N/A,N/A,Sephora New Combo
221,fenty beauty by rihanna avalanche all-over metallic powder set,N/A,N/A,Sephora New Combo
222,charlotte tilbury party girl eye & lip kit,N/A,N/A,Sephora New Combo
223,sephora collection cream lip stain collection set,N/A,N/A,Sephora New Combo
224,fenty beauty by rihanna match stix by the dozen,N/A,N/A,Sephora New Combo
225,stila 3d dazzle mini glitter & glow liquid shadow set,N/A,N/A,Sephora New Combo
226,nars spiked audacious lipstick,N/A,N/A,Sephora New Combo
227,sephora favorites cologne sampler,N/A,N/A,Sephora New Combo
228,nars little fetishes bronzer & highlighter set,N/A,N/A,Sephora New Combo
229,anastasia beverly hills loose glitter,N/A,N/A,Sephora New Combo
230,drybar the brush crush heated straightening brush,N/A,N/A,Sephora New Combo
231,fenty beauty by rihanna mini fairy bomb,N/A,N/A,Sephora New Combo
232,sephora collection sephora pro editorial 2.0 palette,N/A,N/A,Sephora New Combo
233,sephora collection once upon a night blockbuster,N/A,N/A,Sephora New Combo
234,nars manic velvet matte lip pencil set,N/A,N/A,Sephora New Combo
235,dior diorific mat velvet colour lipstick,N/A,N/A,Sephora New Combo
236,huda beauty conceal & blend dual ended complexion brush,N/A,N/A,Sephora New Combo
237,tom ford lost cherry,N/A,N/A,Sephora New Combo
238,anastasia beverly hills metallic mini liquid lipstick set,N/A,N/A,Sephora New Combo
239,charlotte tilbury hollywood lips lipstick mini set,N/A,N/A,Sephora New Combo
240,dyson blown-a-ouai noir set,N/A,N/A,Sephora New Combo
241,fenty beauty by rihanna mattemoiselle 10/10,N/A,N/A,Sephora New Combo
242,fenty beauty by rihanna two lil mattemoiselles - chill owt edition,N/A,N/A,Sephora New Combo
243,sephora collection sephora pro smokey jewels palette,N/A,N/A,Sephora New Combo
244,la mer the luminous lifting cushion foundation spf 20 + refill,N/A,N/A,Sephora New Combo
245,fenty beauty by rihanna moroccan spice collection,N/A,N/A,Sephora New Combo
246,stila nude attitude mini stay all day liquid lipstick set,N/A,N/A,Sephora New Combo
247,chanel coco mademoiselle the essentials for the weekend,N/A,N/A,Sephora New Combo
248,stila shimmer heights mini shimmer & glow liquid eye shadow set,N/A,N/A,Sephora New Combo
249,sephora collection color hit nail polish,N/A,N/A,Sephora New Combo
250,dyson special edition supersonic gift set,N/A,N/A,Sephora New Combo
251,charlotte tilbury beauty universe makeup & skincare set,N/A,N/A,Sephora New Combo
252,jouer cosmetics rose gold collection set,N/A,N/A,Sephora New Combo
253,dior j'adore eau de parfum jewel,N/A,N/A,Sephora New Combo
254,nudestix sexy nude gloss balm kit,N/A,N/A,Sephora New Combo
255,sephora collection lilly lashes for sephora collection lash set,N/A,N/A,Sephora New Combo
256,sephora collection rising star canister brush set,N/A,N/A,Sephora New Combo
257,gucci bloom nettare di fiori rollerball,N/A,N/A,Sephora New Combo
258,too faced peaches & dreams face set,N/A,N/A,Sephora New Combo
259,make up for ever star lit diamond powder,N/A,N/A,Sephora New Combo
260,stila kiss me stila mini stay all day liquid lipstick set,N/A,N/A,Sephora New Combo
261,drybar the big crushin’ smoothing + styling bundle,N/A,N/A,Sephora New Combo
262,sephora collection give me some glitter set,N/A,N/A,Sephora New Combo
263,sephora collection starlit brush set,N/A,N/A,Sephora New Combo
264,sephora collection enchanted sky eyeshadow palette,N/A,N/A,Sephora New Combo
265,benefit cosmetics vanity flare nude eyeshadow palette,N/A,N/A,Sephora New Combo
266,hourglass confession vault lipstick collection,N/A,N/A,Sephora New Combo
267,winky lux glimmer balm,N/A,N/A,Sephora New Combo
268,sephora favorites perfume sampler,N/A,N/A,Sephora New Combo
269,lilah b. aglow face mist set,N/A,N/A,Sephora New Combo
270,sephora collection wish upon a star advent calendar,N/A,N/A,Sephora New Combo
271,drybar glitter gang,N/A,N/A,Sephora New Combo
272,buxom party all night mini lip plumping set,N/A,N/A,Sephora New Combo
273,sephora collection the enchanting colors eye and face palette,N/A,N/A,Sephora New Combo
274,sephora collection starlit clutch,N/A,N/A,Sephora New Combo
275,ciaté london glitter storm eyeshadow palette,N/A,N/A,Sephora New Combo
276,anastasia beverly hills glitter adhesive,N/A,N/A,Sephora New Combo
277,sephora favorites deluxe perfume sampler,N/A,N/A,Sephora New Combo
278,lancôme starlight sparkle dual finish highlighter palette,N/A,N/A,Sephora New Combo
279,ciaté london glitter flip duo,N/A,N/A,Sephora New Combo
280,living proof perfect hair day jumbo set,N/A,N/A,Sephora New Combo
281,nails inc. fallen mermaid nail duo,N/A,N/A,Sephora New Combo
282,nudestix smokey gold eyes mini set,N/A,N/A,Sephora New Combo
283,sephora collection starlit traincase,N/A,N/A,Sephora New Combo
284,deborah lippmann party animal nail set,N/A,N/A,Sephora New Combo
285,inc.redible you lucky pucker prep & party lip gift set,N/A,N/A,Sephora New Combo
286,deborah lippmann supervixen nail trio,N/A,N/A,Sephora New Combo
287,kilian my kind of love discovery set,N/A,N/A,Sephora New Combo
288,urban decay naked cherry eyeshadow palette,N/A,N/A,Sephora New Combo
289,huda beauty obsessions eyeshadow palette – precious stones collection,N/A,N/A,Sephora New Combo
290,bumble and bumble thickening go big volumizing treatment,N/A,N/A,Sephora New Combo
291,fenty beauty by rihanna diamond bomb all-over diamond veil,N/A,N/A,Sephora New Combo
292,huda beauty the overachiever high coverage concealer,N/A,N/A,Sephora New Combo
293,burberry my burberry blush gift set,N/A,N/A,Sephora New Combo
294,sephora collection sephora pro new nudes palette,N/A,N/A,Sephora New Combo
295,too faced gingerbread spice eye shadow palette,N/A,N/A,Sephora New Combo
296,hourglass ambient lighting edit volume 4,N/A,N/A,Sephora New Combo
297,clean clean reserve set,N/A,N/A,Sephora New Combo
298,tarte pineapple of my eye collector's set,N/A,N/A,Sephora New Combo
299,sephora favorites give me more lip,2018-04-15 21:59:55,1,Sephora New Combo
300,alterna haircare caviar anti-aging replenishing moisture jumbo kit,N/A,N/A,Sephora New Combo
301,sephora favorites lashstash,N/A,N/A,Sephora New Combo
302,hourglass ambient lighting edit unlocked palette,N/A,N/A,Sephora New Combo
303,sephora collection pro essential brush set: rose gold edition,N/A,N/A,Sephora New Combo
304,natasha denona gold eyeshadow palette,N/A,N/A,Sephora New Combo
305,pat mcgrath labs mothership v eyeshadow palette - bronze seduction,N/A,N/A,Sephora New Combo
306,anastasia beverly hills norvina eyeshadow palette,N/A,N/A,Sephora New Combo
307,yves saint laurent black opium cracker gift set,N/A,N/A,Sephora New Combo
308,farsáli skintune blur perfecting primer serum,N/A,N/A,Sephora New Combo
309,beautyblender sweet surprise mystery blind bag,N/A,N/A,Sephora New Combo
310,briogeo hair-o-scopes brightest stars bestsellers,N/A,N/A,Sephora New Combo
311,urban decay all nighter long-lasting makeup setting spray duo,N/A,N/A,Sephora New Combo
312,cover fx power play concealer,N/A,N/A,Sephora New Combo
313,sephora collection star catcher eyeshadow pallete,N/A,N/A,Sephora New Combo
314,dior rouge dior mini 4-piece set,N/A,N/A,Sephora New Combo
315,charlotte tilbury matte revolution lipstick,N/A,N/A,Sephora New Combo
316,yves saint laurent mini tatouage collection,N/A,N/A,Sephora New Combo
317,dior miss dior blooming bouquet rollerpearl,N/A,N/A,Sephora New Combo
318,charlotte tilbury airbrush flawless finish setting powder,N/A,N/A,Sephora New Combo
319,too faced melted gingerbread girl liquified long wear matte lipstick,N/A,N/A,Sephora New Combo
320,sephora favorites party hair styling spray collection,N/A,N/A,Sephora New Combo
321,dior rouge dior ultra rouge lipstick,N/A,N/A,Sephora New Combo
322,nars climax mascara,N/A,N/A,Sephora New Combo
323,sephora collection museum of ice cream x sephora collection i scream charm bracelet,N/A,N/A,Sephora New Combo
324,yves saint laurent rouge pur couture the slim matte lipstick,N/A,N/A,Sephora New Combo
325,sephora favorites glow for it,2014-03-29 12:01:53,1,Sephora New Combo
326,too faced under the christmas tree breakaway face & eye set,N/A,N/A,Sephora New Combo
327,yves saint laurent mon paris eau de parfum gift set,N/A,N/A,Sephora New Combo
328,too faced dream queen limited-edition make up collection,N/A,N/A,Sephora New Combo
329,laura mercier pret-a-powder limited edition powder & puff,N/A,N/A,Sephora New Combo
330,sephora favorites best hair ever,N/A,N/A,Sephora New Combo
331,bite beauty sweet treats agave lip care set,N/A,N/A,Sephora New Combo
332,kat von d fetish eyeshadow palette,N/A,N/A,Sephora New Combo
333,sephora collection midnight wishes eyeshadow palette,N/A,N/A,Sephora New Combo
334,bite beauty agave treat trio mini agave lip mask set,N/A,N/A,Sephora New Combo
335,nars orgasm infatuation palette,N/A,N/A,Sephora New Combo
336,stila aura alight glitter & glow highlighter and liquid eyeshadow set,N/A,N/A,Sephora New Combo
337,giorgio armani beauty acqua di gioia set,N/A,N/A,Sephora New Combo
338,sephora favorites superstars kit,N/A,N/A,Sephora New Combo
339,living proof restore dry scalp treatment,N/A,N/A,Sephora New Combo
